<?xml version="1.0" encoding="UTF-8"?>
<includes>
	<include file="Defaults.xml" />
	<include file="Expressions.xml" />
	<include file="HomeMenu.xml" />
	<include file="Includes_Addons.xml" />
	<include file="Includes_Animations.xml" />
	<include file="Includes_Home.xml" />
	<include file="Includes_Menu.xml" />
	<include file="Includes_OSD.xml" />
	<include file="Includes_Window.xml" />
	<include file="Menu.xml" />
	<include file="script-skinshortcuts-includes.xml" />
	<include file="Variables.xml" />
	<include file="ViewGallery.xml" />
	<include file="ViewGuide.xml" />
	<include file="ViewIcon.xml" />
	<include file="ViewList.xml" />
	<include file="ViewLabels.xml" />
	<include file="ViewSlide.xml" />

<!-- Constants -->
	<constant name="autoscroll_Delay">10000</constant>
	<constant name="autoscroll_Repeat">10000</constant>
	<constant name="autoscroll_Speed">40</constant>
	<constant name="autoscroll_Time">3000</constant>
	<constant name="content_Height">900</constant>
	<constant name="content_Width">1664</constant>
	<constant name="fadetime_Slideshow">900</constant>
	<constant name="fadetime_Thumb">250</constant>
	<constant name="screen_Center">960,540</constant>
	<constant name="screen_Centerx">960</constant>
	<constant name="screen_Centery">540</constant>
	<constant name="screen_Height">1080</constant>
	<constant name="screen_Width">1920</constant>
	<constant name="slideshow_Timer">10000</constant>
	<constant name="transition_Close">250</constant>
	<constant name="transition_DialogClose">200</constant>
	<constant name="transition_DialogOpen">200</constant>
	<constant name="transition_Hidden">200</constant>
	<constant name="transition_Opacity">95</constant>
	<constant name="transition_Open">250</constant>
	<constant name="transition_Visible">300</constant>

<!-- Global -->
	<include name="TriggerButton">
		<width>1</width>
		<height>1</height>
		<texturenofocus></texturenofocus>
		<texturefocus>-</texturefocus>
		<onclick>noop</onclick>
		<visible allowhiddenfocus="true">false</visible>
	</include>

	<include name="global_ListScroll">
		<scrolltime tween="Sine" easing="Out">300</scrolltime>
	</include>

	<include name="global_Scrolltime">
		<scrolltime tween="Quadratic" easing="Out">400</scrolltime>
	</include>

	<include name="autoscroll_None">
		<autoscroll delay="800000" time="3000" repeat="10000">String.IsEmpty(Skin.String(autoscroll.speed)) | String.IsEqual(Skin.String(autoscroll.speed),none)</autoscroll>
	</include>
	<include name="autoscroll_Slow">
		<autoscroll delay="8000" time="4000" repeat="10000">!String.IsEqual(Skin.String(autoscroll.speed),none)</autoscroll>
	</include>
	<include name="autoscroll_Normal">
		<autoscroll delay="8000" time="3000" repeat="10000">!String.IsEqual(Skin.String(autoscroll.speed),none)</autoscroll>
	</include>
	<include name="autoscroll_Fast">
		<autoscroll delay="8000" time="1500" repeat="10000">!String.IsEqual(Skin.String(autoscroll.speed),none)</autoscroll>
	</include>

	<include name="screen_Width">
		<width>1920</width>
	</include>

	<include name="screen_Height">
		<height>1080</height>
	</include>

	<include name="screen_Dimensions">
		<width>screen_Width</width>
		<height>screen_Height</height>
	</include>

	<include name="global_Symbol">
		<param name="Height" default="90"/>
		<param name="Width" default="108"/>
		<param name="Font" default="Symbols-26"/>
		<definition>
			<width>$PARAM[Width]</width>
			<height>$PARAM[Height]</height>
			<align>center</align>
			<aligny>center</aligny>
			<font>$PARAM[Font]</font>
		</definition>
	</include>

<!-- Settings -->
	<include name="global_Header">
		<height>90</height>
		<textoffsetx>24</textoffsetx>
		<font>Black-22</font>
		<textcolor>$VAR[color:Text.2]</textcolor>
	</include>

	<include name="global_Label">
		<height>90</height>
		<textoffsetx>24</textoffsetx>
		<font>Regular-18</font>
		<textcolor>$VAR[color:Text.3]</textcolor>
	</include>

	<include name="settings_Menu">
		<width>384</width>
		<height>90</height>
		<font>Black-20</font>
		<align>left</align>
		<textoffsetx>24</textoffsetx>
		<aligny>center</aligny>
		<textcolor>$VAR[color:Accent]</textcolor>
		<texturenofocus colordiffuse="$VAR[color:Main]">colorize/25.png</texturenofocus>
		<texturefocus colordiffuse="$VAR[color:Accent]">colorize/70.png</texturefocus>
		<alttexturenofocus colordiffuse="column2">colorize/70.png</alttexturenofocus>
		<alttexturefocus colordiffuse="$VAR[color:Accent]">colorize/70.png</alttexturefocus>
	</include>


<!-- Buttons -->
	<include name="button_Settings">
		<param name="DiffuseNoFocus" default="ff000000"/>
		<param name="DiffuseFocus" default="$VAR[color:Accent]"/>
		<param name="TextureNoFocus" default="colorize/15.png"/>
		<param name="TextureFocus" default="colorize/70.png"/>
		<param name="TextColor" default="$VAR[color:Accent]"/>
		<param name="FocusedColor" default="$VAR[color:Main]"/>
		<param name="Font" default="Regular-22-L"/>
		<param name="Width" default="1216"/>
		<param name="Height" default="90"/>
		<definition>
			<width>$PARAM[Width]</width>
			<height>$PARAM[Height]</height>
			<font>$PARAM[Font]</font>
			<textoffsetx>32</textoffsetx>
			<aligny>center</aligny>
			<textcolor>$PARAM[TextColor]</textcolor>
			<focusedcolor>$PARAM[FocusedColor]</focusedcolor>
			<texturenofocus colordiffuse="$PARAM[DiffuseNoFocus]">$PARAM[TextureNoFocus]</texturenofocus>
			<texturefocus colordiffuse="$PARAM[DiffuseFocus]">$PARAM[TextureFocus]</texturefocus>
		</definition>
	</include>

	<include name="radio_Settings">
		<param name="Width" default="1216"/>
		<param name="Height" default="90"/>
		<definition>
			<width>$PARAM[Width]</width>
			<height>$PARAM[Height]</height>
		</definition>
	</include>

	<include name="button_Dialog">
		<param name="Font" default="Symbols-26"/>
		<param name="Width" default="108"/>
		<param name="Height" default="90"/>
		<param name="Align" default="center"/>
		<param name="AlignY" default="center"/>
		<definition>
			<width>$PARAM[Width]</width>
			<height>$PARAM[Height]</height>
			<font>$PARAM[Font]</font>
			<align>$PARAM[Align]</align>
			<aligny>$PARAM[AlignY]</aligny>
		</definition>
	</include>

<!--keyboard-->
	<include name="row_Keyboard">
		<param name="Height" default="92"/>
		<definition>
			<width>1196</width>
			<height>$PARAM[Height]</height>
			<control type="image">
				<width>1196</width>
				<height>$PARAM[Height]</height>
				<texture colordiffuse="ff000000">colorize/100.png</texture>
				<aspectratio align="center" aligny="top">stretch</aspectratio>
			</control>
			<control type="image">
				<width>1196</width>
				<height>$PARAM[Height]</height>
				<texture colordiffuse="$VAR[color:Main]">colorize/100.png</texture>
				<aspectratio align="center" aligny="top">stretch</aspectratio>
			</control>
		</definition>
	</include>

	<include name="button_Keyboard">
		<param name="Width" default="90"/>
		<param name="Height" default="90"/>
		<param name="OnClick" default="noop"/>
		<param name="Font" default="Regular-22-L"/>
		<param name="TextColor" default="$VAR[color:Accent]"/>
		<param name="FocusedColor" default="$VAR[color:Main]"/>
		<param name="SelectedColor" default="green"/>
		<param name="Type" default="button"/>
		<param name="Align" default="center"/>
		<param name="AlignY" default="center"/>
		<param name="DiffuseFocusTexture" default="75"/>
		<param name="DiffuseNoFocus" default="$VAR[color:Main]"/>
		<param name="DiffuseFocus" default="ffffffff"/>
		<param name="AltDiffuseNoFocus" default="$VAR[color:Main]"/>
		<param name="AltDiffuseFocus" default="ffffffff"/>
		<param name="TextureNoFocus" default="colorize/90.png"/>
		<param name="TextureFocus" default="colorize/90.png"/> 
		<definition>
			<top>$PARAM[Top]</top> 
			<left>$PARAM[Left]</left>
			<width>$PARAM[Width]</width>
			<height>$PARAM[Height]</height>
			<label>$PARAM[Label]</label>
			<label2>$PARAM[Label2]</label2>
			<altlabel>$PARAM[AltLabel]</altlabel>
			<font>$PARAM[Font]</font>
			<align>$PARAM[Align]</align>
			<aligny>$PARAM[AlignY]</aligny>
			<textcolor>$PARAM[TextColor]</textcolor>
			<textoffsetx>$PARAM[TextOffsetX]</textoffsetx>
			<focusedcolor>$PARAM[FocusedColor]</focusedcolor>
			<texturenofocus colordiffuse="$PARAM[DiffuseNoFocus]">$PARAM[TextureNoFocus]</texturenofocus>
			<texturefocus colordiffuse="$PARAM[DiffuseFocus]">$PARAM[TextureFocus]</texturefocus>
			<alttexturenofocus colordiffuse="$PARAM[AltDiffuseNoFocus]">colorize/25.png</alttexturenofocus>
			<alttexturefocus colordiffuse="$PARAM[AltDiffuseFocus]">colorize/75.png</alttexturefocus>
			<onclick>$PARAM[OnClick]</onclick>
			<onleft>$PARAM[OnLeft]</onleft>
			<onright>$PARAM[OnRight]</onright>
			<onup>$PARAM[OnUp]</onup>
			<ondown>$PARAM[OnDown]</ondown>
			<onback>$PARAM[OnBack]</onback>
			<visible>$PARAM[Visible]</visible>
			<radiowidth>64</radiowidth>
			<radioheight>64</radioheight>
			<usealttexture>$PARAM[UseAltTexture]</usealttexture>
		</definition>
	</include>

<!-- Info dialog elements -->
	<include name="information_Block">
		<param name="Label"/>
		<param name="Infolabel"/>
		<param name="Width" default="868"/>
		<param name="Height" default="90"/>
		<param name="ItemHeight" default="45"/>
		<definition>
			<control type="group">
				<width>$PARAM[Width]</width>
				<height>$PARAM[Height]</height>
				<control type="label">
					<top>8</top>
					<width>$PARAM[Width]</width>
					<height>$PARAM[ItemHeight]</height>
					<label>$PARAM[Label]</label>
					<aligny>center</aligny>
					<font>Black-22</font>
					<align>left</align>
					<textcolor>$VAR[color:Accent]</textcolor>
				</control>
				<control type="label">
					<bottom>8</bottom>
					<width>$PARAM[Width]</width>
					<height>$PARAM[ItemHeight]</height>
					<label fallback="416">$PARAM[InfoLabel]</label>
					<aligny>center</aligny>
					<font>Regular-20</font>
					<textcolor>$VAR[color:Text.2]</textcolor>
				</control>
			</control>
		</definition>
	</include>

	<!-- Startup background -->
	<include name="startup_Background">
		<control type="image">
			<include>screen_Dimensions</include>
			<texture colordiffuse="ff000000">colorize/100.png</texture>
		</control>
		<control type="image">
			<include>screen_Dimensions</include>
			<texture>startup/background.jpg</texture>
			<aspectratio align="center">keep</aspectratio>
			<colordiffuse>$VAR[color:Main]</colordiffuse>
		</control>
	</include>

<!-- Media status -->
	<include name="media_Status">
		<param name="Right" default="10"/>
		<param name="Top" default="10"/>
		<definition>
			<control type="group" id="96">
				<right>$PARAM[Right]</right>
				<top>$PARAM[Top]</top>
				<width>54</width>
				<height>54</height>
				<visible>[Container.Content(movies) | Container.Content(tvshows) | Container.Content(seasons) | Container.Content(episodes) | String.StartsWith(Container.FolderPath,pvr://recordings)] + [Integer.IsGreater(ListItem.Property(UnWatchedEpisodes),0) | String.IsEqual(ListItem.Overlay,OverlayUnwatched.png) | ListItem.IsResumable]</visible>
				<control type="image">
					<width>54</width>
					<height>54</height>
					<texture colordiffuse="$VAR[color:Text.2]">colorize/100.png</texture>
					<aspectratio>stretch</aspectratio>
				</control>
				<control type="label">
					<width>54</width>
					<height>54</height>
					<align>center</align>
					<aligny>center</aligny>
					<label>$VAR[symbol:Global]</label>
					<textcolor>$VAR[color:Accent]</textcolor>
					<selectedcolor>$VAR[color:Accent]</selectedcolor>
					<font>Symbols-26</font>
					<visible>Integer.IsLessOrEqual(ListItem.Property(UnWatchedEpisodes),0) | Container.Content(episodes) | Container.Content(movies)</visible>
				</control>
				<control type="label">
					<width>54</width>
					<height>54</height>
					<align>center</align>
					<aligny>center</aligny>
					<font>Black-20</font>
					<label>$INFO[ListItem.Property(UnWatchedEpisodes)]</label>
					<textcolor>$VAR[color:Accent]</textcolor>
					<selectedcolor>$VAR[color:Accent]</selectedcolor>
				</control>
			</control>
			<control type="group" id="97">
				<right>$PARAM[Right]</right>
				<top>$PARAM[Top]</top>
				<width>54</width>
				<height>54</height>
				<visible>$EXP[HasRatingOverlay]</visible>
				<visible>String.IsEqual(Skin.String(ratings.overlay),both) | [Container.Content(movies) + String.IsEqual(Skin.String(ratings.overlay),movies)] | [[Container.Content(tvshows) | Container.Content(seasons) | Container.Content(episodes)] + String.IsEqual(Skin.String(ratings.overlay),tvshows)]</visible>
				<visible>String.IsEqual(Skin.String(ratings.video),default) | String.IsEqual(Skin.String(ratings.video),user)</visible>
				<visible>Container.Content(tvshows) | Container.Content(movies) + !Listitem.IsParentFolder</visible>
				<animation effect="slide" end="-54" time="0" condition="[ListItem.IsResumable + !String.IsEqual(ListItem.Overlay,OverlayWatched.png)] | !String.IsEqual(ListItem.Overlay,OverlayWatched.png)">Conditional</animation>
				<control type="image">
					<width>54</width>
					<height>54</height>
					<texture colordiffuse="$VAR[color:Main]">colorize/90.png</texture>
					<aspectratio>stretch</aspectratio>
				</control>
				<control type="label" id="66">
					<width>54</width>
					<height>54</height>
					<align>center</align>
					<aligny>center</aligny>
					<label>$VAR[info:Rating]</label>
					<textcolor>$VAR[color:Accent]</textcolor>
					<selectedcolor>$VAR[color:Accent]</selectedcolor>
					<font>Regular-18</font>
				</control>
			</control>
		</definition>
	</include>

	<include name="media_Status.Hub">
		<param name="Right" default="10"/>
		<param name="Top" default="10"/>
		<definition>
			<control type="group" id="96">
				<right>$PARAM[Right]</right>
				<top>$PARAM[Top]</top>
				<width>96</width>
				<height>54</height>
				<visible>Window.IsActive(1131) + String.IsEqual(ListItem.DBType,episode)</visible>
				<control type="image">
					<width>96</width>
					<height>54</height>
					<texture colordiffuse="$VAR[color:Text.2]">colorize/100.png</texture>
					<aspectratio>stretch</aspectratio>
				</control>
				<control type="label">
					<width>96</width>
					<height>54</height>
					<align>center</align>
					<aligny>center</aligny>
					<font>Regular-18</font>
					<label>$VAR[widget:ShortLabel]</label>
					<textcolor>$VAR[color:Accent]</textcolor>
					<selectedcolor>$VAR[color:Accent]</selectedcolor>
				</control>
			</control>
			<control type="group" id="97">
				<right>$PARAM[Right]</right>
				<top>$PARAM[Top]</top>
				<width>64</width>
				<height>54</height>
				<visible>Window.IsActive(1131) + String.IsEqual(ListItem.DBType,tvshow) + !String.IsEmpty(ListItem.Property(UnwatchedEpisodes))</visible>
				<control type="image">
					<width>64</width>
					<height>54</height>
					<texture colordiffuse="$VAR[color:Text.2]">colorize/100.png</texture>
					<aspectratio>stretch</aspectratio>
				</control>
				<control type="label">
					<width>64</width>
					<height>54</height>
					<align>center</align>
					<aligny>center</aligny>
					<font>Regular-18</font>
					<label>$INFO[ListItem.Property(UnWatchedEpisodes)]</label>
					<textcolor>$VAR[color:Accent]</textcolor>
					<selectedcolor>$VAR[color:Accent]</selectedcolor>
				</control>
			</control>
		</definition>
	</include>

<!-- Media info grouplist -->
	<include name="media_Info">
		<param name="Height" default="108"/>
		<definition>
			<control type="label">
				<width min="50">auto</width>
				<height>$PARAM[Height]</height>
				<label>$VAR[media:ParentItem]</label>
				<textcolor>$VAR[color:Text.2]</textcolor>
				<font>Regular-20</font>
				<visible>ListItem.IsParentFolder</visible>
			</control>
			<!--movie sets-->
			<control type="label">
				<width min="0">auto</width>
				<height>$PARAM[Height]</height>
				<label>&#57402;</label>
				<textcolor>$VAR[color:Text.2]</textcolor>
				<font>Symbols-24</font>
				<visible>ListItem.IsCollection</visible>
			</control>
			<control type="label">
				<width min="50">auto</width>
				<height>$PARAM[Height]</height>
				<label>$INFO[Window(Home).Property(SkinHelper.ListItem.Count),, $LOCALIZE[36901]]$INFO[Window(Home).Property(SkinHelper.ListItem.UnWatchedCount),$COMMA , $LOCALIZE[16101]]&#32;&#32;</label>
				<textcolor>$VAR[color:Text.2]</textcolor>
				<font>Regular-20</font>
				<visible>ListItem.IsCollection</visible>
			</control>
			<!--rating-->
			<control type="label">
				<width min="0">auto</width>
				<height>$PARAM[Height]</height>
				<label>&#57499;</label>
				<textcolor>$VAR[color:Text.2]</textcolor>
				<font>Symbols-24</font>
				<visible>$EXP[Content.IsVideo]</visible>
				<visible>$EXP[HasRatingOverlay]</visible>
				<visible>!String.IsEmpty(Skin.String(ratings.video)) + !String.IsEqual(Skin.String(ratings.video),disabled) + !ListItem.IsParentFolder</visible>
			</control>
			<control type="label">
				<width min="50" max="256">auto</width>
				<height>$PARAM[Height]</height>
				<label>$VAR[info:Rating]&#32;&#32;</label>
				<textcolor>$VAR[color:Text.2]</textcolor>
				<font>Regular-20</font>
				<visible>$EXP[Content.IsVideo]</visible>
				<visible>$EXP[HasRatingOverlay]</visible>
				<visible>!String.IsEmpty(Skin.String(ratings.video)) + !String.IsEqual(Skin.String(ratings.video),disabled) + !ListItem.IsParentFolder</visible>
			</control>
			<control type="label">
				<width min="0">auto</width>
				<height>$PARAM[Height]</height>
				<label>&#57499;</label>
				<textcolor>$VAR[color:Text.2]</textcolor>
				<font>Symbols-24</font>
				<visible>String.IsEqual(ListItem.DBTYPE,album) | String.IsEqual(ListItem.DBTYPE,song)</visible>
				<visible>!String.IsEmpty(ListItem.UserRating) + !String.IsEmpty(Skin.String(ratings.music)) + !String.IsEqual(Skin.String(ratings.music),disabled) + !ListItem.IsParentFolder</visible>
			</control>
			<control type="label">
				<width min="50" max="256">auto</width>
				<height>$PARAM[Height]</height>
				<label>$VAR[info:Rating]&#32;&#32;</label>
				<textcolor>$VAR[color:Text.2]</textcolor>
				<font>Regular-20</font>
				<visible>String.IsEqual(ListItem.DBTYPE,album) | String.IsEqual(ListItem.DBTYPE,song)</visible>
				<visible>!String.IsEmpty(ListItem.UserRating) + !String.IsEmpty(Skin.String(ratings.music)) + !String.IsEqual(Skin.String(ratings.music),disabled) + !ListItem.IsParentFolder</visible>
			</control>
			<!--addon version-->
			<control type="label">
				<width min="0">auto</width>
				<height>$PARAM[Height]</height>
				<label>&#57396;</label>
				<textcolor>$VAR[color:Text.2]</textcolor>
				<font>Symbols-24</font>
				<visible>Container.Content(addons) + !ListItem.IsParentFolder</visible>
			</control>
			<control type="label">
				<width min="50" max="256">auto</width>
				<height>$PARAM[Height]</height>
				<label>$INFO[ListItem.AddonVersion]&#32;&#32;</label>
				<textcolor>$VAR[color:Text.2]</textcolor>
				<font>Regular-20</font>
				<visible>Container.Content(addons) + !ListItem.IsParentFolder</visible>
			</control>
			<!--addon author-->
			<control type="label">
				<width min="0">auto</width>
				<height>$PARAM[Height]</height>
				<label>&#57349;</label>
				<textcolor>$VAR[color:Text.2]</textcolor>
				<font>Symbols-24</font>
				<visible>Container.Content(addons) + !ListItem.IsParentFolder</visible>
			</control>
			<control type="label">
				<width min="50" max="675">auto</width>
				<height>$PARAM[Height]</height>
				<label>$INFO[ListItem.AddonCreator]&#32;&#32;</label>
				<textcolor>$VAR[color:Text.2]</textcolor>
				<font>Regular-20</font>
				<visible>Container.Content(addons) + !ListItem.IsParentFolder</visible>
			</control>
			<!--filesize-->
			<control type="label">
				<width min="0">auto</width>
				<height>$PARAM[Height]</height>
				<label>&#57438;</label>
				<textcolor>$VAR[color:Text.2]</textcolor>
				<font>Symbols-24</font>
				<visible>!String.IsEmpty(ListItem.Size) + Container.Content(files)</visible>
			</control>
			<control type="label">
				<width min="50" max="200">auto</width>
				<height>$PARAM[Height]</height>
				<label>$INFO[ListItem.Size]&#32;&#32;</label>
				<textcolor>$VAR[color:Text.2]</textcolor>
				<font>Regular-20</font>
				<visible>!String.IsEmpty(ListItem.Size) + Container.Content(files)</visible>
			</control>
			<!-- Files folder -->
			<control type="label">
				<width min="50" max="200">auto</width>
				<height>$PARAM[Height]</height>
				<label>$INFO[ListItem.Date]</label>
				<textcolor>$VAR[color:Text.2]</textcolor>
				<font>Regular-20</font>
				<visible>ListItem.IsFolder + Container.Content(files)</visible>
			</control>
			<!--programme-->
			<control type="label">
				<width min="50" max="705">auto</width>
				<height>$PARAM[Height]</height>
				<label>$INFO[ListItem.Genre]</label>
				<textcolor>$VAR[color:Text.2]</textcolor>
				<font>Regular-20</font>
				<visible>String.StartsWith(Container.FolderPath,pvr://channels/)</visible>
			</control>
			<!--parental guidance rating-->
			<control type="label">
				<width min="0">auto</width>
				<height>$PARAM[Height]</height>
				<label>&#58903;</label>
				<textcolor>$VAR[color:Text.2]</textcolor>
				<font>Symbols-24</font>
				<visible>!String.IsEmpty(ListItem.MPAA) + Skin.HasSetting(ratings.pg.enable)</visible>
			</control>
			<control type="label">
				<width min="50" max="200">auto</width>
				<height>$PARAM[Height]</height>
				<label>$INFO[ListItem.MPAA,,&#32;&#32;]</label>
				<textcolor>$VAR[color:Text.2]</textcolor>
				<font>Regular-20</font>
				<visible>!String.IsEmpty(ListItem.MPAA) + Skin.HasSetting(ratings.pg.enable)</visible>
			</control>
			<!-- Video information -->
			<control type="label">
				<width min="0">auto</width>
				<height>$PARAM[Height]</height>
				<label>&#57402;</label>
				<textcolor>$VAR[color:Text.2]</textcolor>
				<font>Symbols-24</font>
				<visible>!String.IsEmpty(ListItem.VideoResolution)</visible>
			</control>
			<control type="label">
				<width min="25" max="250">auto</width>
				<height>$PARAM[Height]</height>
				<label>$VAR[media:VideoResolution]$VAR[info:HDR, &#8226; ]$VAR[info:Source, &#8226; ]&#32;&#32;</label>
				<textcolor>$VAR[color:Text.2]</textcolor>
				<font>Regular-20</font>
				<visible>!String.IsEmpty(ListItem.VideoResolution)</visible>
			</control>
			<!--audio-->
			<control type="label">
				<width min="0">auto</width>
				<height>$PARAM[Height]</height>
				<label>&#57504;</label>
				<textcolor>$VAR[color:Text.2]</textcolor>
				<font>Symbols-24</font>
				<visible>!String.IsEmpty(ListItem.AudioCodec)</visible>
			</control>
			<control type="label">
				<width min="50" max="200">auto</width>
				<height>$PARAM[Height]</height>
				<label>$VAR[info:AudioChannels,, &#8226; ]$INFO[ListItem.AudioLanguage]&#32;&#32;</label>
				<textcolor>$VAR[color:Text.2]</textcolor>
				<font>Regular-20</font>
				<visible>!String.IsEmpty(ListItem.AudioCodec)</visible>
			</control>
			<!--subtitle language-->
			<control type="label">
				<width min="0">auto</width>
				<height>$PARAM[Height]</height>
				<label>&#58947;</label>
				<textcolor>$VAR[color:Text.2]</textcolor>
				<font>Symbols-24</font>
				<visible>!String.IsEmpty(ListItem.SubtitleLanguage)</visible>
			</control>
			<control type="label">
				<width min="50" max="200">auto</width>
				<height>$PARAM[Height]</height>
				<label>$INFO[ListItem.SubtitleLanguage]</label>
				<textcolor>$VAR[color:Text.2]</textcolor>
				<font>Regular-20</font>
				<visible>!String.IsEmpty(ListItem.SubtitleLanguage)</visible>
			</control>
			<!--genre-->
			<control type="label">
				<width min="0">auto</width>
				<height>$PARAM[Height]</height>
				<label>&#57483;</label>
				<textcolor>$VAR[color:Text.2]</textcolor>
				<font>Symbols-24</font>
				<visible>$EXP[!ListItem.IsParent]</visible>
				<visible>String.IsEqual(ListItem.DBTYPE,tvshow) | String.IsEqual(ListItem.DBTYPE,season)</visible>
			</control>
			<control type="label">
				<width min="50">auto</width>
				<height>$PARAM[Height]</height>
				<label>$INFO[ListItem.Genre]&#32;&#32;</label>
				<textcolor>$VAR[color:Text.2]</textcolor>
				<font>Regular-20</font>
				<visible>$EXP[!ListItem.IsParent]</visible>
				<visible>String.IsEqual(ListItem.DBTYPE,tvshow) | String.IsEqual(ListItem.DBTYPE,season) | Container.Content(albums)</visible>
			</control>
			<!-- Studio (for plugins like youtube) -->
			<control type="label">
				<width min="50">auto</width>
				<height>$PARAM[Height]</height>
				<label>$INFO[ListItem.Studio]</label>
				<textcolor>$VAR[color:Text.2]</textcolor>
				<font>Regular-20</font>
				<visible>String.StartsWith(Container.FolderPath,plugin://plugin.)</visible>
			</control>
			<!-- Artists -->
			<control type="label">
				<width min="50">auto</width>
				<height>$PARAM[Height]</height>
				<label>$INFO[ListItem.Property(Artist_Mood),, &#8226; ]&#32;$INFO[ListItem.Property(Artist_Style)]</label>
				<textcolor>$VAR[color:Text.2]</textcolor>
				<font>Regular-20</font>
				<visible>$EXP[!ListItem.IsParent]</visible>
				<visible>Container.Content(artists)</visible>
			</control>
			<!-- Playcount -->
			<control type="label">
				<width min="0">auto</width>
				<height>$PARAM[Height]</height>
				<label>&#59053;</label>
				<textcolor>$VAR[color:Text.2]</textcolor>
				<font>Symbols-24</font>
				<visible>$EXP[!ListItem.IsParent]</visible>
				<visible>String.IsEqual(ListItem.DBTYPE,song)</visible>
			</control>
			<control type="label">
				<width min="50">auto</width>
				<height>$PARAM[Height]</height>
				<label>$VAR[count:Plays]&#32;&#32;</label>
				<textcolor>$VAR[color:Text.2]</textcolor>
				<font>Regular-20</font>
				<visible>String.IsEqual(ListItem.DBTYPE,song)</visible>
			</control>
		</definition>
	</include>

<!-- Modal window header -->
	<include name="modal_Header">
		<param name="Width" default="900"/>
		<param name="HeaderHeight" default="90"/>
		<param name="Symbol" default="&#58968;"/>
		<param name="Label"/>
		<param name="ShowClose" default="system.getbool(input.enablemouse)"/>
		<definition>
			<control type="group">
				<width>$PARAM[Width]</width>
				<height>$PARAM[HeaderHeight]</height>
				<control type="image">
					<width>$PARAM[Width]</width>
					<height>$PARAM[HeaderHeight]</height>
					<texture colordiffuse="$VAR[color:Main]">colorize/100.png</texture>
					<aspectratio>stretch</aspectratio>
				</control>
				<control type="label">
					<width>108</width>
					<height>100%</height>
					<font>Symbols-32</font>
					<align>center</align>
					<aligny>center</aligny>
					<label>$PARAM[Symbol]</label>
				</control>
				<control type="label">
					<left>132</left>
					<width>660</width>
					<height>100%</height>
					<font>Black-32</font>
					<aligny>center</aligny>
					<label>$PARAM[Label]</label>
					<textcolor>$VAR[color:Accent]</textcolor>
				</control>
				<control type="button">
					<right>0</right>
					<width>90</width>
					<height>100%</height>
					<font>Symbols-32</font>
					<align>center</align>
					<aligny>center</aligny>
					<label>&#58950;</label>
					<onclick>Close</onclick>
					<textcolor>$VAR[color:Text.3]</textcolor>
					<focusedcolor>$VAR[color:Main]</focusedcolor>
					<texturefocus colordiffuse="$VAR[color:Accent]">colorize/100.png</texturefocus>
					<texturenofocus></texturenofocus>
					<visible>$PARAM[ShowClose]</visible>
				</control>
			</control>
		</definition>
	</include>

<!-- Dependency installers -->
	<include name="install_HelperService">
		<onclick condition="!System.HasAddon(script.skin.helper.service)">InstallAddon(script.skin.helper.service)</onclick>
	</include>
	<include name="install_HelperBackup">
		<onclick condition="!System.HasAddon(script.skin.helper.skinbackup)">InstallAddon(script.skin.helper.skinbackup)</onclick>
	</include>
	<include name="install_HelperBackgrounds">
		<onclick condition="!System.HasAddon(script.skin.helper.backgrounds)">InstallAddon(script.skin.helper.backgrounds)</onclick>
	</include>
	<include name="install_ColorPicker">
		<onclick condition="!System.HasAddon(script.skin.helper.colorpicker)">InstallAddon(script.skin.helper.colorpicker)</onclick>
	</include>
	<include name="install_Shortcuts">
		<onclick condition="!System.HasAddon(script.skinshortcuts)">InstallAddon(script.skinshortcuts)</onclick>
	</include>
	<include name="install_Info">
		<onclick condition="!System.HasAddon(script.extendedinfo)">InstallAddon(script.extendedinfo)</onclick>
	</include>
	<include name="install_Colorbox">
		<onclick condition="!System.HasAddon(script.colorbox) + System.Platform.Android">RunScript(script.skin.helper.service,action=dialogyesno,header=$LOCALIZE[31078],message=$LOCALIZE[31085][CR]$LOCALIZE[31086],yesaction=InstallAddon(script.trakt),noaction=Close)</onclick>
		<onclick condition="!System.HasAddon(script.colorbox) + !System.Platform.Android">InstallAddon(script.colorbox)</onclick>
	</include>

<!-- PVR -->
	<include name="epgscroll_Instant">
		<definition>
			<scrolltime>0</scrolltime>	
		</definition>
	</include>
	<include name="epgscroll_Fast">
		<definition>
			<scrolltime>150</scrolltime>	
		</definition>
	</include>

<!-- Media info windows -->
	<include name="button_Info">
		<param name="ID"/>
		<param name="Label"/>
		<param name="Width" default="256"/>
		<param name="Visible" default="true"/>
		<definition>
			<control type="togglebutton" id="$PARAM[ID]">
				<width>$PARAM[Width]</width>
				<height>$PARAM[Height]</height>
				<align>center</align>
				<font>Black-20</font>
				<label>$PARAM[Label]</label>
				<texturenofocus></texturenofocus>
				<visible>$PARAM[Visible]</visible>
			</control>
		</definition>
	</include>

<!-- Skin Shortcuts -->
	<include name="shortcuts_ScrollingControls">
		<animation effect="slide" end="0,90" time="0" condition="Container(211).Row(1)">Conditional</animation>
		<animation effect="slide" end="0,180" time="0" condition="Container(211).Row(2)">Conditional</animation>
		<animation effect="slide" end="0,270" time="0" condition="Container(211).Row(3)">Conditional</animation>
		<animation effect="slide" end="0,360" time="0" condition="Container(211).Row(4)">Conditional</animation>
		<animation effect="slide" end="0,450" time="0" condition="Container(211).Row(5)">Conditional</animation>
		<animation effect="slide" end="0,540" time="0" condition="Container(211).Row(6)">Conditional</animation>
		<animation effect="slide" end="0,630" time="0" condition="Container(211).Row(7)">Conditional</animation>
		<animation effect="slide" end="0,720" time="0" condition="Container(211).Row(8)">Conditional</animation>
	</include>

<!-- Debug -->
	<include name="debug_Label">
		<font>DebugLabel</font>
		<width>auto</width>
		<texturenofocus colordiffuse="ff000000">colorize/100.png</texturenofocus>
		<height>25</height>
		<textoffsetx>8</textoffsetx>
		<aligny>center</aligny>
		<textcolor>white</textcolor>
	</include>

	<include name="debug_Header">
		<font>DebugHeader</font>
		<width>auto</width>
		<texturenofocus colordiffuse="ffffffff">colorize/100.png</texturenofocus>
		<height>25</height>
		<textoffsetx>8</textoffsetx>
		<aligny>center</aligny>
		<textcolor>black</textcolor>
	</include>

	<include file="Includes_User.xml" />

</includes> 