<includes>

	<include name="background_Home">
		<param name="DiffuseTexture"/>
		<param name="GridTexture" default="overlays/90.png"/>
		<param name="DiffuseColor"/>
		<param name="Visible" default="!Window.IsVisible(fullscreenvideo) + ![Player.HasVideo + Skin.HasSetting(background.mediavideo)]"/>
		<param name="id" default=""/>
		<definition>

			<!-- No Background -->
			<control type="image">
				<include>screen_Dimensions</include>
				<texture colordiffuse="$VAR[color:Main]">colorize/100.png</texture>
				<aspectratio>stretch</aspectratio>
				<visible>String.IsEqual(Skin.String(background.home),none) | Window.IsActive(home) + String.IsEqual(Skin.String(homemenu.layout),compact)</visible>
			</control>

			<control type="group">
				<include>transition_Background</include>

				<!-- Background Slideshow -->
				<control type="multiimage" id="$PARAM[id]">
					<imagepath background="true">$VAR[background:Home]</imagepath>
					<visible>!String.IsEqual(Skin.String(background.home),none) + !String.IsEqual(Skin.String(homemenu.layout),compact) + ![Player.HasAudio + Skin.HasSetting(home.nowplaying)]</visible>
				</control>

				<!-- Background video -->
				<include>background_Video</include>

				<!-- Now playing -->
				<control type="group">
					<visible>Skin.HasSetting(home.nowplaying)</visible>
					<include>background_Player</include>
				</control>

				<!-- Overlay -->
				<control type="group">
					<visible>String.IsEqual(Skin.String(homemenu.layout),vertical)</visible>
					<control type="image">
						<include>screen_Dimensions</include>
						<texture background="true" diffuse="$PARAM[DiffuseTexture]">overlays/background.png</texture>
						<colordiffuse>$VAR[color:Main]</colordiffuse> 
						<fadetime>fadetime_Thumb</fadetime>
					</control>
					<control type="image">
						<colordiffuse>$VAR[color:Accent]</colordiffuse>
						<include>screen_Dimensions</include>
						<texture background="true" diffuse="$PARAM[DiffuseTexture]" colordiffuse="$PARAM[DiffuseColor]">$PARAM[GridTexture]</texture>
						<include>fadeinout</include>
						<visible>!ControlGroup(9100).HasFocus()</visible>
					</control>
				</control>
			</control>
		</definition>
	</include>

	<include name="background_Global">
		<param name="BackgroundPath" default="$VAR[background:Global]"/>
		<param name="DiffuseTexture"/>
		<param name="GridTexture" default="overlays/90.png"/>
		<param name="DiffuseColor"/>
		<param name="RestrictFX" default="false"/>
		<param name="Visible" default="!Window.IsVisible(fullscreenvideo) + ![Player.HasVideo + Skin.HasSetting(background.mediavideo)]"/>
		<param name="id" default=""/>
		<definition>
			<include>transition_Background</include>
			<!-- No Background -->
			<control type="image">
				<include>screen_Dimensions</include>
				<texture colordiffuse="$VAR[color:Main]">colorize/100.png</texture>
				<aspectratio>stretch</aspectratio>
				<visible>String.IsEqual(Skin.String(background.media),none) | Window.IsActive(home) + String.IsEqual(Skin.String(homemenu.layout),compact)</visible>
			</control>
			
			<!-- Custom background -->
			<control type="multiimage" id="$PARAM[id]">
				<imagepath background="true">$PARAM[BackgroundPath]</imagepath>
				<include>fadeinout</include>
				<visible>!String.IsEqual(Skin.String(background.media),none)</visible>
			</control>

			<!-- Background video -->
			<include>background_Video</include>

			<!-- Overlay -->
			<control type="group">
				<control type="image">
					<include>screen_Dimensions</include>
					<texture background="true" diffuse="$PARAM[DiffuseTexture]">overlays/background.png</texture>
					<colordiffuse>$VAR[color:Main]</colordiffuse> 
					<fadetime>fadetime_Thumb</fadetime>
				</control>
				<control type="image">
					<colordiffuse>$VAR[color:Accent]</colordiffuse>
					<include>screen_Dimensions</include>
					<texture background="true" diffuse="$PARAM[DiffuseTexture]" colordiffuse="$PARAM[DiffuseColor]">$PARAM[GridTexture]</texture>
				</control>
			</control>
		</definition>
	</include>

	<include name="background_Video">
		<control type="group">
			<visible>Skin.HasSetting(background.mediavideo) + Player.HasVideo + !Window.IsActive(home)</visible>
			<control type="image">
				<aspectratio>stretch</aspectratio>
				<include>screen_Dimensions</include>
				<texture colordiffuse="ff000000">colorize/100.png</texture>
			</control>
			<control type="videowindow">
				<include>screen_Dimensions</include>
			</control>
		</control>

		<control type="group">
			<top>0</top>
			<left>0</left>
			<visible>Skin.HasSetting(background.mediavideo) + Player.HasVideo + Window.IsActive(home)</visible>
			<control type="image">
				<aspectratio>stretch</aspectratio>
				<width>1920</width>
				<height>1080</height>
				<texture colordiffuse="ff000000">colorize/100.png</texture>
			</control>
			<control type="videowindow">
				<top>0</top>
				<width>1920</width>
				<height>1080</height>
			</control>
		</control>
	</include>

	<include name="background_Player">
		<control type="group">
			<animation type="conditional" condition="!Window.IsActive(Home) + Skin.HasSetting(burns.enable)" loop="true">
				<effect type="Fade" start="0" end="100" time="2000"/>
				<effect type="Zoom" center="screen_Center" start="130" end="100" time="15000"/>
				<effect type="Fade" start="100" end="0" time="1000" delay="14000"/>
			</animation>
			<control type="visualisation" id="2">
				<include>screen_Dimensions</include>
				<visible>Player.HasAudio + [String.IsEqual(Skin.String(viz.mode),viz) | String.IsEqual(Skin.String(viz.mode),blend) | Pvr.IsPlayingRadio]</visible>
			</control>
			<control type="multiimage">
				<imagepath background="true">$VAR[background:Player]</imagepath>
				<include>fadeinout</include>
				<animation effect="fade" end="60" time="0" condition="String.IsEqual(Skin.String(viz.mode),blend)">Conditional</animation>
				<visible>Player.HasAudio + [String.IsEmpty(Skin.String(viz.mode)) | String.IsEqual(Skin.String(viz.mode),fanart) | String.IsEqual(Skin.String(viz.mode),blend)]</visible>
			</control>
		</control>
	</include>

	<include name="global_Progress">
		<param name="ID"/>
		<param name="Info"/>
		<param name="Left" default="128"/>
		<param name="ProgressHeight"/>
		<param name="Top"/>
		<param name="Visible"/>
		<param name="Width" default="1664"/>
		<definition>
			<control type="progress" id="$PARAM[ID]">
				<top>$PARAM[Top]</top>
				<left>$PARAM[Left]</left>
				<width>$PARAM[Width]</width>
				<height>$PARAM[ProgressHeight]</height>
				<info>$PARAM[Info]</info>
				<texturebg colordiffuse="$VAR[color:Accent]">progress/player/0.png</texturebg>
				<lefttexture></lefttexture>
				<midtexture colordiffuse="$VAR[color:Accent]">progress/player/50.png</midtexture>
				<righttexture></righttexture>
				<visible>$PARAM[Visible]</visible>
				<include>fadeinout</include>
				<orientation>vertical</orientation>
			</control>
		</definition>
	</include>

	<include name="global_WindowChrome">
		<param name="Font" default="Black-48"/>
		<param name="Height" default="108"/>
		<param name="ItemCount" default="$VAR[window:ItemCount]"/>
		<param name="ProgressHeight" default="108"/>
		<param name="ProgressLeft" default="128"/>
		<param name="ProgressTop" default="0"/>
		<param name="ProgressWidth" default="1664"/>
		<param name="ShowItemCount" default="True" />
		<param name="ShowSymbol" default="true"/>
		<param name="Symbol" default="$VAR[window:Symbol]"/>
		<param name="SymbolFont" default="Symbols-32"/>
		<param name="TextWidth" default="1600"/>
		<param name="TimeLeft" default="1792"/>
		<param name="Title" default="$INFO[Control.GetLabel(1)]"/>
		<param name="Top" default="0"/>
		<param name="Visible" default="true"/>
		<param name="Width" default="screen_Width"/>
		<definition>
			<control type="group">
				<height>$PARAM[Height]</height>
				<width>$PARAM[Width]</width>
				<include condition="!VideoPlayer.IsFullscreen">transition_Chrome</include>
				<include condition="VideoPlayer.IsFullscreen">transition_Fullscreen</include>
				<include condition="!Window.IsActive(movieinformation)">slide_Clock</include>
				<visible>$PARAM[Visible]</visible>
				<control type="image">
					<width>128</width>
					<height>$PARAM[Height]</height>
					<texture colordiffuse="ff000000">colorize/30.png</texture>
					<aspectratio>stretch</aspectratio>
					<visible>![Window.IsActive(Home) + Integer.IsGreater(Player.Volume,0)]</visible>
				</control>
				<control type="label">
					<width>128</width>
					<height>$PARAM[Height]</height>
					<label>$PARAM[ItemCount]</label>
					<font>Thin-48</font>
					<align>center</align>
					<textcolor>$VAR[color:Accent]</textcolor>
					<visible>$PARAM[ShowItemCount]</visible>
					<visible>$EXP[!Window.IsInfo] + ![Window.IsVisible(volumebar) | Player.Muted] + !Window.IsVisible(busydialog)</visible>
				</control>
				<control type="label">
					<width>128</width>
					<height>$PARAM[Height]</height>
					<label>$PARAM[Symbol]</label>
					<font>$PARAM[SymbolFont]</font>
					<align>center</align>
					<textcolor>$VAR[color:Accent]</textcolor>
					<texturenofocus></texturenofocus>
					<visible>!Window.IsVisible(busydialog)</visible>
					<visible>$PARAM[ShowSymbol]</visible>
				</control>
				<include content="global_Busy">
					<param name="Left">32</param>
					<param name="Top">22</param>
					<param name="Size">64</param>
					<param name="Visible">Window.IsVisible(busydialog)</param>
				</include>
				<control type="image">
					<left>128</left>
					<width>$PARAM[ProgressWidth]</width>
					<height>$PARAM[Height]</height>
					<texture colordiffuse="ff000000">colorize/20.png</texture>
					<aspectratio>stretch</aspectratio>
					<visible>$EXP[VolumeBarMuted]</visible>
					<visible>!Window.IsActive(Home)</visible>
				</control>

				<!-- Volume slider -->
				<include content="global_Progress">
					<param name="ID">29999</param>
					<param name="Info">Player.Volume</param>
					<param name="ProgressHeight">108</param>
					<param name="Visible">!Window.IsVisible(home) + Window.IsActive(volumebar) + Integer.IsGreater(Player.Volume,0)</param>
				</include>

				<!-- Player progress -->
				<include content="global_Progress" condition="!Window.IsVisible(pvrgroupmanager)">
					<param name="ID">12</param>
					<param name="ProgressHeight">108</param>
					<param name="Info">Player.Progress</param>
					<param name="Visible">[Window.IsVisible(seekbar) | Window.IsVisible(visualisation)] + ![Window.IsActive(volumebar) +  [!Player.Muted | VideoPlayer.IsFullscreen]] + !Window.IsActive(DialogSettings.xml)</param>
				</include>

				<!-- Window title -->
				<control type="label" id="1">
					<visible>false</visible>
				</control>
				<control type="grouplist">
					<left>128</left>
					<width>1600</width>
					<height>$PARAM[Height]</height>
					<orientation>vertical</orientation>
					<visible>$EXP[VolumeBarMuted]</visible>
					<control type="label">
						<width max="1280">auto</width>
						<height>$PARAM[Height]</height>
						<aligny>center</aligny>
						<font>$PARAM[Font]</font>
						<textcolor>$VAR[color:Accent]</textcolor>
						<textoffsetx>32</textoffsetx>
						<label>$PARAM[Title]</label>
						<visible>$EXP[!Window.HasOverlay]</visible>
					</control>
					<control type="label">
						<width max="1600">auto</width>
						<height>$PARAM[Height]</height>
						<aligny>center</aligny>
						<font>$PARAM[Font]</font>
						<textcolor>$VAR[color:Accent]</textcolor>
						<textoffsetx>32</textoffsetx>
						<label>$PARAM[Title]</label>
						<visible>$EXP[!Window.HasOverlay]</visible>
					</control>
					<control type="label">
						<width max="832">auto</width>
						<height>$PARAM[Height]</height>
						<aligny>center</aligny>
						<font>$PARAM[Font]</font>
						<textcolor>$VAR[color:Accent]</textcolor>
						<textoffsetx>32</textoffsetx>
						<label>$PARAM[Title]</label>
						<visible>$EXP[Window.HasOverlay]</visible>
					</control>
				</control>

				<control type="grouplist">
					<right>128</right>
					<orientation>horizontal</orientation>
					<align>right</align>
					<control type="button">
						<width>756</width>
						<height>$PARAM[Height]</height>
						<label>$INFO[System.Date]</label>
						<font>Regular-22-L</font>
						<align>right</align>
						<aligny>center</aligny>
						<textcolor>$VAR[color:Date]</textcolor>
						<texturenofocus></texturenofocus>
						<visible>!String.IsEqual(Skin.String(homemenu.layout),compact)</visible>
						<visible>!Window.IsActive(1105) + !Window.IsActive(notification) + !Library.IsScanningVideo + !Library.IsScanningMusic + !Window.IsVisible(extendedprogressdialog)</visible>
						<visible>[Window.IsActive(home) + [String.IsEqual(Skin.String(date.enabled),global) | String.IsEqual(Skin.String(date.enabled),home)]] | [!Window.IsActive(home) + [String.IsEqual(Skin.String(date.enabled),global) | String.IsEqual(Skin.String(date.enabled),nohome)]]</visible>
						<animation effect="slide" end="128" time="0" condition="!Skin.HasSetting(home.clock) + Window.IsActive(home)">Conditional</animation>
					</control>
				</control>
			
				<!-- Clock -->
				<control type="group">
					<top>0</top>
					<left>$PARAM[TimeLeft]</left>
					<width>128</width>
					<height>$PARAM[Height]</height>
					<visible>$EXP[VolumeBarMuted]</visible>
					<visible>![Window.IsActive(home) + String.IsEqual(Skin.String(homemenu.layout),compact) + Window.IsVisible(volumebar)]</visible>
					<visible>![Window.IsActive(home) + !Skin.HasSetting(home.clock) + !Window.IsActive(movieinformation)] | Window.IsActive(home) + Window.IsVisible(volumebar) + !Player.Muted</visible>
					<control type="image">
						<width>100%</width>
						<height>$PARAM[Height]</height>
						<texture colordiffuse="ff000000">colorize/30.png</texture>
						<aspectratio>stretch</aspectratio>
					</control>
					<control type="grouplist">
						<width>128</width>
						<height>$PARAM[Height]</height>
						<itemgap>0</itemgap>
						<align>center</align>
						<orientation>horizontal</orientation>
						<control type="label">
							<width>55.32</width>
							<height>$PARAM[Height]</height>
							<label>$INFO[System.Time(hh)]</label>
							<font>Black-28</font>
							<align>right</align>
							<aligny>center</aligny>
							<textcolor>$VAR[color:Accent]</textcolor>
						</control>
						<control type="list">
							<width>17.33</width>
							<height>$PARAM[Height]</height>
							<scrolltime>0</scrolltime>
							<autoscroll time="750">true</autoscroll>
							<visible>true</visible>
							<orientation>vertical</orientation>
							<itemlayout height="$PARAM[Height]">
								<control type="label">
									<width>17.33</width>
									<height>$PARAM[Height]</height>
									<align>center</align>
									<aligny>center</aligny>
									<font>Black-22</font>
									<textcolor>$VAR[color:Accent]</textcolor>
									<label>$INFO[ListItem.Label]</label>
								</control>
							</itemlayout>
							<focusedlayout height="$PARAM[Height]">
								<control type="label">
									<width>17.33</width>
									<height>$PARAM[Height]</height>
									<align>center</align>
									<aligny>center</aligny>
									<font>Black-22</font>
									<textcolor>$VAR[color:Accent]</textcolor>
									<label>$INFO[ListItem.Label]</label>
								</control>
							</focusedlayout>
							<content>
								<item>
									<label>&#32;</label>
									<onclick>noop</onclick>
								</item>
								<item>
									<label>&#58;</label>
									<onclick>noop</onclick>
								</item>
							</content>
						</control>
						<control type="label">
							<width>55.32</width>
							<height>$PARAM[Height]</height>
							<label>$INFO[System.Time(mm)]</label>
							<font>Black-28</font>
							<align>left</align>
							<aligny>center</aligny>
							<textcolor>$VAR[color:Accent]</textcolor>
						</control>
					</control>
				</control>
			</control>
		</definition>
	</include>

	<include name="global_Busy">
		<param name="Left"/>
		<param name="CenterLeft"/>
		<param name="Top"/>
		<param name="Size" default="64"/>
		<param name="Visible"/>
		<definition>
			<control type="multiimage">
				<centerleft>$PARAM[CenterLeft]</centerleft>
				<left>$PARAM[Left]</left>
				<top>$PARAM[Top]</top>
				<width>$PARAM[Size]</width>
				<height>$PARAM[Size]</height>
				<aspectratio>keep</aspectratio>
				<imagepath>busy</imagepath>
				<timeperimage>150</timeperimage>
				<fadetime>250</fadetime>
				<pauseatend>500</pauseatend>
				<randomize>false</randomize>
				<colordiffuse>$VAR[color:Accent]</colordiffuse>
				<include>fadeinout</include>
				<visible>$PARAM[Visible]</visible>
			</control>
		</definition>
	</include>

	<include name="global_Notification">
		<param name="DiffuseLevel" default="50"/>
		<param name="Height" default="108"/>
		<param name="ID1"/>
		<param name="ID2"/>
		<param name="Label"/>
		<param name="Label1"/>
		<param name="Label2"/>
		<param name="Label2"/>
		<param name="Left" default="1036"/>
		<param name="ProgressID"/>
		<param name="ProgressInfo"/>
		<param name="ShowFrame" default="true"/>
		<param name="ShowProgress" default="true"/>
		<param name="Symbol" default="&#57483;"/>
		<param name="TextColor" default="$VAR[color:Main]"/>
		<param name="TextWidth" default="600"/>
		<param name="Top" default="0"/>
		<param name="Visible"/>
		<param name="Width" default="756"/>
		<definition>
			<control type="group">
				<top>$PARAM[Top]</top>
				<left>$PARAM[Left]</left>
				<width>$PARAM[Width]</width>
				<height>$PARAM[Height]</height>
				<include>transition_Chrome</include>

				<!-- Reposition for touch
				<animation effect="slide" start="0,0"  end="-454,0" time="150" condition="system.getbool(input.enablemouse)">Conditional</animation>
				-->

				<!-- Reposition for homescreen and clock -->
				<animation effect="slide" start="0,0"  end="0,-11" time="150" condition="Window.IsVisible(Home) + !String.IsEqual(Skin.String(homemenu.layout),horizontal) + Skin.HasSetting(home.clock)">Conditional</animation>
				<animation effect="slide" start="0,0"  end="0,-11" time="150" condition="Window.IsVisible(Home) + !Skin.HasSetting(home.clock)">Conditional</animation>
				<animation effect="slide" start="0"  end="128" time="150" condition="Window.IsActive(Home) + !Skin.HasSetting(home.clock) + !String.IsEqual(Skin.String(homemenu.layout),compact)">Conditional</animation>
				<animation effect="slide" start="0,0"  end="118,10" time="150" condition="Window.IsActive(Home) + String.IsEqual(Skin.String(homemenu.layout),compact)">Conditional</animation>

				<animation effect="fade" start="100" end="0" condition="Window.IsActive(volumebar)">Conditional</animation>

				<control type="image">
					<width>$PARAM[Width]</width>
					<height>$PARAM[Height]</height>
					<texture colordiffuse="$VAR[color:Accent]">colorize/$PARAM[DiffuseLevel].png</texture>
					<visible>$PARAM[ShowFrame]</visible>
				</control>

				<control type="group">
					<height>$PARAM[Height]</height>
					<control type="progress" id="$PARAM[ProgressID]">
						<width>100%</width>
						<height>$PARAM[Height]</height>
						<info>$PARAM[ProgressInfo]</info>
						<lefttexture></lefttexture>
						<midtexture colordiffuse="$VAR[color:Accent]">colorize/100.png</midtexture>
						<righttexture></righttexture>
						<visible>[Player.HasMedia + Window.IsVisible(1105)] | Window.IsActive(extendedprogressdialog)</visible>
						<visible>$PARAM[ShowProgress]</visible>
					</control>

					<control type="group">
						<height>$PARAM[Height]</height>

						<!-- Reposition for homescreen and clock -->
						<animation effect="slide" start="0,0"  end="0,2" time="150" condition="Window.IsVisible(Home)">Conditional</animation>

						<!-- Notification labels -->
						<control type="group">
							<left>108</left>
							<height>$PARAM[Height]</height>
							<control type="label" id="401">
								<centertop>38%</centertop>
								<width>$PARAM[TextWidth]</width>
								<height>50%</height>
								<font>Black-22</font>
								<label>$PARAM[Label1]</label>
								<textcolor>$PARAM[TextColor]</textcolor>
							</control>
							<control type="label" id="402">
								<centerbottom>38%</centerbottom>
								<width>$PARAM[TextWidth]</width>
								<height>50%</height>
								<font>Regular-20</font>
								<label>$PARAM[Label2]</label>
								<textcolor>$PARAM[TextColor]</textcolor>
								<scroll>true</scroll>
							</control>
						</control>

						<!-- Progress labels -->
						<control type="group">
							<left>108</left>
							<height>$PARAM[Height]</height>
							<control type="label" id="$PARAM[ID1]">
								<centertop>38%</centertop>
								<width>$PARAM[TextWidth]</width>
								<height>50%</height>
								<font>Black-22</font>
								<textcolor>$PARAM[TextColor]</textcolor>
							</control>
							<control type="label" id="$PARAM[ID2]">
								<centerbottom>38%</centerbottom>
								<width>$PARAM[TextWidth]</width>
								<height>50%</height>
								<font>Regular-20</font>
								<textcolor>$PARAM[TextColor]</textcolor>
								<scroll>true</scroll>
							</control>
						</control>

						<!-- Symbol -->
						<control type="label">
							<width>108</width>
							<height>$PARAM[Height]</height>
							<font>Symbols-38</font>
							<label>$PARAM[Symbol]</label>
							<align>center</align>
							<aligny>center</aligny>
							<textcolor>$PARAM[TextColor]</textcolor>
						</control>
					</control>
				</control>
			</control>
		</definition>
	</include>

	<include name="horizontal_Scrollbar">
		<definition>
			<control type="scrollbar" id="6500">
				<left>0</left>
				<bottom>0</bottom>
				<width>100%</width>
				<height>8</height>
				<texturesliderbackground />
				<onup>50</onup>
				<ondown>50</ondown>
				<orientation>horizontal</orientation>
				<visible>Control.IsVisible(52)</visible>
				<include>toggle_Menu</include>
				<include>fadeinout</include>
				<animation effect="slide" end="8" time="150" condition="!Control.IsVisible(52) + !Control.IsVisible(521) + String.IsEqual(Skin.String(global.scrolltype),passive) + !Control.HasFocus(6500)">Conditional</animation>
				<animation effect="slide" end="0,8" time="150" condition="[Control.IsVisible(52) | Control.IsVisible(521)] + String.IsEqual(Skin.String(global.scrolltype),passive) + !Control.HasFocus(6500)">Conditional</animation>
			</control>
		</definition>
	</include>

	<include name="vertical_Scrollbar">
		<definition>
			<control type="scrollbar" id="6500">
				<right>0</right>
				<top>108</top>
				<width>8</width>
				<bottom>0</bottom>					
				<onleft>50</onleft>
				<onright>50</onright>
				<orientation>vertical</orientation>
				<texturesliderbackground />
				<visible>Control.IsVisible(50)</visible>
				<include>fadeinout</include>
				<include>toggle_Menu</include>
			</control>
		</definition>
	</include>


	<!--pagecontrol-->
	<include name="global_Scrollbar">
		<param name="Left" default="50"/>
		<param name="Top" default="108"/>
		<param name="Height" default="972"/>
		<param name="Width" default="8"/>
		<param name="OnLeft" default="50"/>
		<param name="Orientation" default="vertical"/>
		<definition>
			<control type="scrollbar" id="6500">
				<top>$PARAM[Top]</top>
				<right>$PARAM[Right]</right>
				<width>$PARAM[Width]</width>
				<height>$PARAM[Height]</height>
				<onleft condition="!Control.IsVisible(52) + !Control.IsVisible(521)">$PARAM[OnLeft]</onleft>
				<onup condition="Control.IsVisible(52) | Control.IsVisible(521)">50</onup>
				<include>fadeinout</include>
				<include>toggle_Menu</include>
				<orientation>$PARAM[Orientation]</orientation>
				<animation effect="slide" end="8" time="150" condition="!Control.IsVisible(52) + !Control.IsVisible(521) + String.IsEqual(Skin.String(global.scrolltype),passive) + !Control.HasFocus(6500)">Conditional</animation>
				<animation effect="slide" end="0,8" time="150" condition="[Control.IsVisible(52) | Control.IsVisible(521)] + String.IsEqual(Skin.String(global.scrolltype),passive) + !Control.HasFocus(6500)">Conditional</animation>
			</control>
		</definition>
	</include>
</includes>