<?xml version="1.0" encoding="utf-8"?><shortcuts>
	<shortcut>
		<defaultID>1037</defaultID>
		<label>1037</label>
		<label2>item</label2>
		<icon>special://skin/extras/icons/addon.png</icon>
		<thumb/>
		<action>ActivateWindow(Videos,addons://sources/video/,return)</action>
	</shortcut>
	<shortcut>
		<defaultID>1038</defaultID>
		<label>1038</label>
		<label2>Music</label2>
		<icon>special://skin/extras/icons/addon.png</icon>
		<thumb/>
		<action>ActivateWindow(Music,addons://sources/audio/,return)</action>
	</shortcut>
	<shortcut>
		<defaultID>1039</defaultID>
		<label>1039</label>
		<label2>Pictures</label2>
		<icon>DefaultAddonPicture.png</icon>
		<thumb/>
		<action>ActivateWindow(Pictures,Addons,return)</action>
	</shortcut>
	<shortcut>
		<defaultID>1043</defaultID>
		<label>1043</label>
		<label2>Programs</label2>
		<icon>special://skin/extras/icons/program.png</icon>
		<thumb/>
		<action>ActivateWindow(Programs,addons://sources/executable/,return)</action>
	</shortcut>
	<shortcut>
		<defaultID>31090</defaultID>
		<label>31090</label>
		<label2>Games</label2>
		<icon>DefaultAddonGame.png</icon>
		<thumb/>
		<action>ActivateWindow(Games,addons://sources/game/,return)</action>
	</shortcut>
</shortcuts>