<?xml version="1.0" encoding="UTF-8"?>
<template>

    <other include="widgets">
        <property name="id" tag="mainmenuid" />
        <property name="path" tag="property" attribute="name|widgetPath" />
        <property name="target" tag="property" attribute="name|widgetTarget" />
        <property name="sortby" tag="property" attribute="name|widgetSortBy" />
        <property name="sortdirection" tag="property" attribute="name|widgetSortDirection" />
        <property name="widgetlimit" tag="property" attribute="name|widgetLimit" />
        <property name="path"></property>
        <property name="target"></property>
        <controls>
            <include content="WidgetBusyAnimation">
                <param name="id">8011$SKINSHORTCUTS[id]</param>
            </include>
            <control type="group">
                <visible>![Window.IsVisible(movieinformation) | Window.IsVisible(musicinformation) | Window.IsVisible(songinformation) | Window.IsActive(addoninformation)]</visible>
                <include>Animation.Common</include>
                <left>604</left>
                <top>155</top>
                <control type="panel" id="8011$SKINSHORTCUTS[id]">
                    <skinshortcuts>visibility</skinshortcuts>
                    <include content="WidgetContents">
                        <param name="id">8011$SKINSHORTCUTS[id]</param>
                        <param name="onup">8011$SKINSHORTCUTS[id]</param>
                        <param name="ondown">8011$SKINSHORTCUTS[id]</param>
                        <param name="onleft">9000</param>
                        <param name="onright">8011$SKINSHORTCUTS[id]</param>
                        <param name="orientation">vertical</param>
                    </include>
                    <content limit="$SKINSHORTCUTS[widgetlimit]" sortby="$SKINSHORTCUTS[sortby]" sortorder="$SKINSHORTCUTS[sortdirection]" target="$SKINSHORTCUTS[target]">$SKINSHORTCUTS[path]</content>
                </control>
                <control type="panel" id="8012$SKINSHORTCUTS[id]">
                    <skinshortcuts>visibility</skinshortcuts>
                    <include content="WeatherWidgetContents">
                        <param name="id">8012$SKINSHORTCUTS[id]</param>
                    </include>
                </control>
                <control type="group">
                    <visible>Control.IsVisible(8012$SKINSHORTCUTS[id])</visible>
                    <top>20</top>
                    <left>39</left>
                    <width>1620</width>
                    <height>390</height>
                    <top>370</top>
                    <control type="image">
                        <left>40</left>
                        <top>40</top>
                        <height>270</height>
                        <aspectratio scalediffuse="false" align="left" aligny="center">keep</aspectratio>
                        <texture background="true">$VAR[WeatherIconVar]$INFO[Window(weather).Property(Current.FanartCode),,.png]</texture>
                    </control>
                    <control type="grouplist">
                        <top>0</top>
                        <left>350</left>
                        <orientation>horizontal</orientation>
                        <control type="label">
                            <description>current temp Value</description>
                            <width>auto</width>
                            <height>270</height>
                            <font>WeatherTemp</font>
                            <label>$INFO[Window(weather).Property(Current.Temperature)]</label>
                        </control>
                        <control type="label">
                            <description>current temp Value Units</description>
                            <left>270</left>
                            <width>auto</width>
                            <height>216</height>
                            <font>font16</font>
                            <label>$INFO[System.TemperatureUnits]</label>
                        </control>
                    </control>
                    <control type="label">
                        <description>current condition label</description>
                        <top>210</top>
                        <left>350</left>
                        <width>800</width>
                        <height>60</height>
                        <label>$INFO[Window(weather).Property(Current.Condition)], $LOCALIZE[402] $INFO[Window(weather).Property(Current.FeelsLike)]$INFO[System.TemperatureUnits]</label>
                        <font>font30</font>
                    </control>
                    <control type="grouplist">
                        <left>1120</left>
                        <top>60</top>
                        <width>438</width>
                        <itemgap>20</itemgap>
                        <control type="label">
                            <label>[COLOR highlight]$LOCALIZE[406]: [/COLOR]$INFO[Window(weather).Property(Current.Humidity)]</label>
                            <width>438</width>
                            <height>40</height>
                            <align>right</align>
                            <font>font14</font>
                        </control>
                        <control type="label">
                            <label>[COLOR highlight]$LOCALIZE[404]:[/COLOR] $INFO[Window(weather).Property(Current.Wind)]</label>
                            <width>438</width>
                            <height>40</height>
                            <align>right</align>
                            <font>font14</font>
                        </control>
                        <control type="label">
                            <label>[COLOR highlight]$LOCALIZE[33027]:[/COLOR] [LOWERCASE]$INFO[Window(weather).Property(Today.Sunrise)][/LOWERCASE]</label>
                            <width>438</width>
                            <height>40</height>
                            <align>right</align>
                            <font>font14</font>
                        </control>
                        <control type="label">
                            <label>[COLOR highlight]$LOCALIZE[33028]:[/COLOR] [LOWERCASE]$INFO[Window(weather).Property(Today.Sunset)][/LOWERCASE]</label>
                            <width>438</width>
                            <height>40</height>
                            <align>right</align>
                            <font>font14</font>
                        </control>
                    </control>
                </control>
                <control type="panel" id="8013$SKINSHORTCUTS[id]">
                    <skinshortcuts>visibility</skinshortcuts>
                    <include content="SettingsWidgetContents">
                        <param name="id">8013$SKINSHORTCUTS[id]</param>
                        <param name="onup">8013$SKINSHORTCUTS[id]</param>
                        <param name="ondown">8013$SKINSHORTCUTS[id]</param>
                        <param name="onleft">9000</param>
                        <param name="onright">8013$SKINSHORTCUTS[id]</param>
                    </include>
                </control>
                <control type="panel" id="8014$SKINSHORTCUTS[id]">
                    <skinshortcuts>visibility</skinshortcuts>
                    <include content="SystemInfoWidgetContents">
                        <param name="id">8014$SKINSHORTCUTS[id]</param>
                        <param name="onup">8014$SKINSHORTCUTS[id]</param>
                        <param name="ondown">8014$SKINSHORTCUTS[id]</param>
                        <param name="onleft">9000</param>
                        <param name="onright">8014$SKINSHORTCUTS[id]</param>
                    </include>
                </control>
                <control type="group">
                    <visible>Control.IsVisible(8014$SKINSHORTCUTS[id])</visible>
                    <left>340</left>
                    <top>750</top>
                    <control type="label">
                        <description>CPU Text</description>
                        <left>510</left>
                        <top>18</top>
                        <width>360</width>
                        <height>24</height>
                        <label>$LOCALIZE[13271]</label>
                        <align>right</align>
                        <font>font13_title</font>
                    </control>
                    <control type="progress">
                        <description>CPU BAR</description>
                        <left>880</left>
                        <top>20</top>
                        <width>380</width>
                        <height>24</height>
                        <info>System.CPUUsage</info>
                    </control>
                    <control type="label">
                        <description>Memory Text</description>
                        <left>510</left>
                        <top>68</top>
                        <width>360</width>
                        <height>24</height>
                        <label>$LOCALIZE[31309]</label>
                        <align>right</align>
                        <font>font13_title</font>
                    </control>
                    <control type="progress">
                        <description>Memory BAR</description>
                        <left>880</left>
                        <top>70</top>
                        <width>380</width>
                        <height>24</height>
                        <info>system.memory(used)</info>
                    </control>
                </control>
            </control>
        </controls>
    </other>
    <other include="WidgetFanart">
        <property name="id" tag="mainmenuid" />
        <property name="visible">!Skin.HasSetting(Disable.FanartBackground) + Control.HasFocus(8011$SKINSHORTCUTS[id]) + !String.IsEmpty(Container(8011$SKINSHORTCUTS[id]).ListItem.Art(fanart))</property>
        <property name="imagepath">$INFO[Container(8011$SKINSHORTCUTS[id]).ListItem.Art(fanart)]</property>
        <controls>
             <control type="multiimage">
                <include>BackgroundFadeAnimation</include>
                <visible>$SKINSHORTCUTS[visible]</visible>
                <include>FullscreenDimensions</include>
                <description>Widget Background Image</description>
                <imagepath background="true">$SKINSHORTCUTS[imagepath]</imagepath>
            </control>
        </controls>
    </other>
    <other include="WeatherWidgetFanart">
        <property name="id" tag="mainmenuid" />
        <property name="visible">!Skin.HasSetting(Disable.FanartBackground) + Control.HasFocus(8012$SKINSHORTCUTS[id]) + !String.IsEmpty(Skin.String(weatherfanart.path))</property>
        <controls>
             <control type="multiimage">
                <include>BackgroundFadeAnimation</include>
                <visible>$SKINSHORTCUTS[visible]</visible>
                <include>FullscreenDimensions</include>
                <description>Widget Background Image</description>
                <imagepath background="true">$INFO[Skin.String(weatherfanart.path)]$INFO[Container(8012$SKINSHORTCUTS[id]).ListItem.Property(FanartCode)]$VAR[WeatherFanartExtension]</imagepath>
            </control>
        </controls>
    </other>
</template>