<?xml version="1.0" encoding="UTF-8"?>
<window>
    <defaultcontrol always="true">50</defaultcontrol>
    <menucontrol>9051</menucontrol>
    <allowoverlay>no</allowoverlay>
    <views>50,500</views>
    <onload>ClearProperty(MediaMenu,home)</onload>
    <onunload>ClearProperty(MediaMenu,home)</onunload>
    <controls>
        <include>CommonBackground</include>
        <control type="group">
            <include>MenuSlideAnimation</include>
            <top>0</top>
            <left>-430</left>
            <include>View_50_List</include>
            <!-- view id = 50 -->
            <include>View_500_Wall</include>
            <!-- view id = 500 -->
            <control type="group">
                <left>2350</left>
                <include>SideBladeRight</include>
                <control type="grouplist" id="9050">
                    <include>MediaMenuTop</include>
                    <control type="radiobutton" id="7">
                        <description>Hide foreign</description>
                        <include>ButtonCommonValues</include>
                        <label>25001</label>
                        <visible>Control.IsEnabled(7)</visible>
                    </control>
                    <control type="radiobutton" id="8">
                        <description>Hide incompatible</description>
                        <include>ButtonCommonValues</include>
                        <label>24999</label>
                        <visible>Control.IsEnabled(8)</visible>
                    </control>
                    <control type="button" id="9">
                        <description>Check for updates</description>
                        <include>ButtonCommonValues</include>
                        <label>24034</label>
                    </control>
                    <control type="button" id="208">
                        <include>ButtonCommonValues</include>
                        <label>[LOWERCASE]$INFO[Window.Property(Updated)][/LOWERCASE]</label>
                        <visible>!String.IsEmpty(Window.Property(Updated))</visible>
                        <enable>False</enable>
                    </control>
                    <control type="button" id="5">
                        <description>Settings</description>
                        <include>ButtonCommonValues</include>
                        <label>5</label>
                    </control>
                    <include>PlaylistButtons</include>
                    <include content="MenuPlayerControls">
                        <param name="PlayerControlsOnDown" value="1802" />
                    </include>
                </control>
            </control>
            <include>Submenu</include>
            <include>MainMenu</include>
            <include>Topbar</include>
        </control>
    </controls>
</window>