<?xml version="1.0" encoding="UTF-8"?>
<window id="1123">
    <defaultcontrol always="true">305</defaultcontrol>
    <menucontrol>9051</menucontrol>
    <onload>ClearProperty(MediaMenu,home)</onload>
    <onunload>ClearProperty(MediaMenu,home)</onunload>
    <allowoverlay>no</allowoverlay>
    <controls>
        <include>CommonBackground</include>
        <control type="group">
            <include>MenuSlideAnimation</include>
            <top>0</top>
            <left>-430</left>
            <control type="group">
                <include>Animation.Common</include>
                <left>660</left>
                <top>210</top>
                <width>1600</width>
                <height>780</height>
                <control type="panel" id="305">
                    <width>1600</width>
                    <height>780</height>
                    <onleft>9000</onleft>
                    <onright>SetProperty(MediaMenu,true,home)</onright>
                    <onright>SetFocus(9050)</onright>
                    <onup condition="!String.IsEmpty(Window(weather).Property(36Hour.IsFetched))">ReplaceWindow(1122)</onup>
                    <ondown condition="!String.IsEmpty(Window(weather).Property(Hourly.IsFetched))">ReplaceWindow(1124)</ondown>
                    <orientation>horizontal</orientation>
                    <scrolltime tween="quadratic" easing="out">200</scrolltime>
                    <itemlayout height="780" width="800">
                        <control type="image">
                            <top>20</top>
                            <left>20</left>
                            <right>20</right>
                            <bottom>60</bottom>
                            <texture>overlays/diffuse-overlay.png</texture>
                        </control>
                        <control type="label">
                            <left>20</left>
                            <right>20</right>
                            <top>717</top>
                            <height>50</height>
                            <label>$INFO[ListItem.Label]</label>
                        </control>
                        <control type="image">
                            <description>current weather icon</description>
                            <top>20</top>
                            <width>800</width>
                            <height>380</height>
                            <texture>$INFO[ListItem.Icon]</texture>
                            <aspectratio align="center" aligny="center">keep</aspectratio>
                        </control>
                        <control type="label">
                            <top>388</top>
                            <width>800</width>
                            <height>60</height>
                            <font>font15</font>
                            <align>center</align>
                            <label>$INFO[ListItem.Property(HighTemperature),[COLOR invalid],[/COLOR]]$INFO[ListItem.Property(LowTemperature), | [COLOR ff8de0ff],[/COLOR]]</label>
                            <textoffsetx>15</textoffsetx>
                        </control>
                        <control type="label">
                            <top>448</top>
                            <width>800</width>
                            <height>60</height>
                            <font>font15</font>
                            <align>center</align>
                            <label>$INFO[ListItem.Label2]</label>
                            <textoffsetx>15</textoffsetx>
                        </control>
                        <control type="label">
                            <top>508</top>
                            <width>800</width>
                            <height>60</height>
                            <font>font15</font>
                            <align>center</align>
                            <label>$INFO[ListItem.Property(WindSpeed),$LOCALIZE[383]: ]$INFO[ListItem.Property(WindDirection), ]</label>
                            <textoffsetx>15</textoffsetx>
                        </control>
                        <control type="label">
                            <top>568</top>
                            <width>800</width>
                            <height>60</height>
                            <font>font15</font>
                            <align>center</align>
                            <label>$INFO[ListItem.Property(Humidity),$LOCALIZE[406]: ]</label>
                            <textoffsetx>15</textoffsetx>
                        </control>
                        <control type="label">
                            <top>628</top>
                            <width>800</width>
                            <height>60</height>
                            <font>font15</font>
                            <align>center</align>
                            <label>$INFO[ListItem.Property(ChancePrecipitation),$LOCALIZE[33021]: ]</label>
                            <textoffsetx>15</textoffsetx>
                        </control>
                    </itemlayout>
                    <focusedlayout height="780" width="800">
                        <include content="SelectedItemBackground">
                            <param name="Left" value="10" />
                            <param name="Top" value="10" />
                            <param name="Width" value="780" />
                            <param name="Height" value="760" />
                        </include>
                        <control type="image">
                            <top>20</top>
                            <left>20</left>
                            <right>20</right>
                            <bottom>60</bottom>
                            <texture>overlays/diffuse-overlay.png</texture>
                        </control>
                        <control type="label">
                            <left>20</left>
                            <right>20</right>
                            <top>717</top>
                            <height>50</height>
                            <label>$INFO[ListItem.Label]</label>
                        </control>
                        <control type="image">
                            <description>current weather icon</description>
                            <top>20</top>
                            <width>800</width>
                            <height>380</height>
                            <texture>$INFO[ListItem.Icon]</texture>
                            <aspectratio align="center" aligny="center">keep</aspectratio>
                        </control>
                        <control type="label">
                            <top>388</top>
                            <width>800</width>
                            <height>60</height>
                            <font>font15</font>
                            <align>center</align>
                            <label>$INFO[ListItem.Property(HighTemperature),[COLOR invalid],[/COLOR]]$INFO[ListItem.Property(LowTemperature), | [COLOR ff8de0ff],[/COLOR]]</label>
                            <textoffsetx>15</textoffsetx>
                        </control>
                        <control type="label">
                            <top>448</top>
                            <width>800</width>
                            <height>60</height>
                            <font>font15</font>
                            <align>center</align>
                            <label>$INFO[ListItem.Label2]</label>
                            <textoffsetx>15</textoffsetx>
                        </control>
                        <control type="label">
                            <top>508</top>
                            <width>800</width>
                            <height>60</height>
                            <font>font15</font>
                            <align>center</align>
                            <label>$INFO[ListItem.Property(WindSpeed),$LOCALIZE[383]: ]$INFO[ListItem.Property(WindDirection), ]</label>
                            <textoffsetx>15</textoffsetx>
                        </control>
                        <control type="label">
                            <top>568</top>
                            <width>800</width>
                            <height>60</height>
                            <font>font15</font>
                            <align>center</align>
                            <label>$INFO[ListItem.Property(Humidity),$LOCALIZE[406]: ]</label>
                            <textoffsetx>15</textoffsetx>
                        </control>
                        <control type="label">
                            <top>628</top>
                            <width>800</width>
                            <height>60</height>
                            <font>font15</font>
                            <align>center</align>
                            <label>$INFO[ListItem.Property(ChancePrecipitation),$LOCALIZE[33021]: ]</label>
                            <textoffsetx>15</textoffsetx>
                        </control>
                    </focusedlayout>
                    <content>
                        <item>
                            <label>$LOCALIZE[31909]</label>
                            <icon />
                            <visible>String.IsEmpty(Window(weather).Property(Weekend.IsFetched))</visible>
                        </item>
                        <item>
                            <label>$INFO[Window(weather).Property(Weekend.1.LongDay)] $INFO[Window(weather).Property(Weekend.1.LongDate)]</label>
                            <label2>$INFO[Window(weather).Property(Weekend.1.Outlook)]</label2>
                            <icon>$VAR[WeatherIconVar]$INFO[Window(weather).Property(Weekend.1.FanartCode),,.png]</icon>
                            <property name="HighTemperature">$INFO[Window(weather).Property(Weekend.1.HighTemperature)]</property>
                            <property name="LowTemperature">$INFO[Window(weather).Property(Weekend.1.LowTemperature)]</property>
                            <property name="Precipitation">$INFO[Window(weather).Property(Weekend.1.Precipitation)]</property>
                            <property name="WindSpeed">$INFO[Window(weather).Property(Weekend.1.WindSpeed)]</property>
                            <property name="WindDirection">$INFO[Window(weather).Property(Weekend.1.WindDirection)]</property>
                            <property name="Humidity">$INFO[Window(weather).Property(Weekend.1.Humidity)]</property>
                            <property name="ChancePrecipitation">$INFO[Window(weather).Property(Weekend.1.ChancePrecipitation)]</property>
                            <visible>!String.IsEmpty(Window(weather).Property(Weekend.IsFetched))</visible>
                        </item>
                        <item>
                            <label>$INFO[Window(weather).Property(Weekend.2.LongDay)] $INFO[Window(weather).Property(Weekend.2.LongDate)]</label>
                            <label2>$INFO[Window(weather).Property(Weekend.2.Outlook)]</label2>
                            <icon>$VAR[WeatherIconVar]$INFO[Window(weather).Property(Weekend.2.FanartCode),,.png]</icon>
                            <property name="HighTemperature">$INFO[Window(weather).Property(Weekend.2.HighTemperature)]</property>
                            <property name="LowTemperature">$INFO[Window(weather).Property(Weekend.2.LowTemperature)]</property>
                            <property name="Precipitation">$INFO[Window(weather).Property(Weekend.2.Precipitation)]</property>
                            <property name="WindSpeed">$INFO[Window(weather).Property(Weekend.2.WindSpeed)]</property>
                            <property name="WindDirection">$INFO[Window(weather).Property(Weekend.2.WindDirection)]</property>
                            <property name="Humidity">$INFO[Window(weather).Property(Weekend.2.Humidity)]</property>
                            <property name="ChancePrecipitation">$INFO[Window(weather).Property(Weekend.2.ChancePrecipitation)]</property>
                            <visible>!String.IsEmpty(Window(weather).Property(Weekend.IsFetched))</visible>
                        </item>
                    </content>
                </control>
            </control>
            <control type="group">
                <left>2350</left>
                <include>SideBladeRight</include>
                <control type="grouplist" id="9050">
                    <animation effect="slide" start="-630,0" end="0,0" time="400" tween="quadratic" easing="out">Visible</animation>
                    <left>0</left>
                    <top>0</top>
                    <width>630</width>
                    <height>1080</height>
                    <onright>9050</onright>
                    <onleft>ClearProperty(MediaMenu,home)</onleft>
                    <onleft>305</onleft>
                    <onup>9050</onup>
                    <ondown>9050</ondown>
                    <onback>ClearProperty(MediaMenu,home)</onback>
                    <onback>305</onback>
                    <itemgap>0</itemgap>
                    <control type="button" id="213">
                        <description>Change weather location</description>
                        <include>ButtonCommonValues</include>
                        <label>21873</label>
                        <label2>$INFO[Weather.Location]</label2>
                        <onclick>Weather.LocationNext</onclick>
                    </control>
                    <control type="button" id="210">
                        <description>Select weather icons</description>
                        <include>ButtonCommonValues</include>
                        <label>31158</label>
                        <onclick condition="System.HasAddon(script.image.resource.select)">RunScript(script.image.resource.select,property=weathericons&amp;type=resource.images.weathericons)</onclick>
                        <onclick condition="!System.HasAddon(script.image.resource.select)">InstallAddon(script.image.resource.select)</onclick>
                    </control>
                    <control type="button" id="211">
                        <description>Select weather fanart</description>
                        <include>ButtonCommonValues</include>
                        <label>$LOCALIZE[424] [LOWERCASE]$LOCALIZE[19190][/LOWERCASE]</label>
                        <onclick condition="System.HasAddon(script.image.resource.select)">RunScript(script.image.resource.select,property=weatherfanart&amp;type=resource.images.weatherfanart)</onclick>
                        <onclick condition="!System.HasAddon(script.image.resource.select)">InstallAddon(script.image.resource.select)</onclick>
                    </control>
                    <control type="button" id="204">
                        <description>Settings button</description>
                        <textwidth>352</textwidth>
                        <include>ButtonCommonValues</include>
                        <label>1390</label>
                        <onclick>ActivateWindow(servicesettings,weather)</onclick>
                    </control>
                    <include>PlaylistButtons</include>
                    <include content="MenuPlayerControls">
                        <param name="PlayerControlsOnDown" value="213" />
                    </include>
                </control>
            </control>
            <include>Submenu</include>
            <include>MainMenu</include>
            <include>Topbar</include>
        </control>
    </controls>
</window>