<?xml version="1.0" encoding="UTF-8"?>
<window>
    <coordinates>
        <left>560</left>
        <top>0</top>
    </coordinates>
    <animation effect="slide" time="300" start="0,-134" end="0,0">WindowOpen</animation>
    <animation effect="slide" time="150" start="0,0" end="0,-134">WindowClose</animation>
    <controls>
        <control type="group">
            <control type="image">
                <width>800</width>
                <height>134</height>
                <texture colordiffuse="background">$VAR[CommonBackgroundOverlay]</texture>
            </control>
            <control type="image">
                <left>8</left>
                <width>784</width>
                <height>126</height>
                <texture colordiffuse="background">dialog.png</texture>
            </control>
            <control type="image" id="400">
                <left>31</left>
                <top>23</top>
                <width>80</width>
                <height>80</height>
                <aspectratio>keep</aspectratio>
                <texture />
            </control>
            <control type="fadelabel" id="401">
                <description>Line 1 Label</description>
                <left>130</left>
                <top>20</top>
                <width>640</width>
                <height>45</height>
                <font>font30</font>
                <scrollout>false</scrollout>
                <pauseatend>2000</pauseatend>
                <aligny>center</aligny>
            </control>
            <control type="fadelabel" id="402">
                <description>Line 2 Label</description>
                <left>130</left>
                <top>62</top>
                <width>640</width>
                <height>45</height>
                <font>font14</font>
                <textcolor>highlight</textcolor>
                <scrollout>false</scrollout>
                <pauseatend>2000</pauseatend>
                <aligny>center</aligny>
            </control>
        </control>
    </controls>
</window>