<?xml version="1.0" encoding="UTF-8"?>
<window>
    <defaultcontrol>60</defaultcontrol>
    <animation effect="slide" start="608" end="0" time="300" tween="quadratic" easing="out">WindowOpen</animation>
    <animation effect="slide" start="0" end="608" time="300" tween="quadratic" easing="out">WindowClose</animation>
    <controls>
        <control type="group">
            <top>0</top>
            <left>1312</left>
            <control type="image">
                <width>608</width>
                <height>1080</height>
                <texture colordiffuse="background">$VAR[CommonBackgroundOverlay]</texture>
            </control>
            <control type="image">
                <left>8</left>
                <width>600</width>
                <height>1080</height>
                <texture colordiffuse="background">dialog.png</texture>
            </control>
            <control type="label" id="1">
                <left>50</left>
                <top>30</top>
                <height>50</height>
                <width>520</width>
                <font>font15_title</font>
                <textcolor>highlight</textcolor>
            </control>
            <control type="textbox" id="5">
                <description>textarea</description>
                <left>50</left>
                <top>90</top>
                <width>520</width>
                <height>950</height>
                <font>font_TextViewer</font>
                <pagecontrol>60</pagecontrol>
            </control>
            <control type="scrollbar" id="60">
                <left>598</left>
                <top>0</top>
                <width>10</width>
                <height>1080</height>
                <ondown>60</ondown>
                <onup>60</onup>
                <orientation>vertical</orientation>
            </control>
        </control>
    </controls>
</window>