<?xml version="1.0" encoding="UTF-8"?>
<window>
    <defaultcontrol>10</defaultcontrol>
    <animation effect="slide" start="0,558" end="0,0" time="300" tween="quadratic" easing="out">WindowOpen</animation>
    <animation effect="slide" start="0,0" end="0,558" time="300" tween="quadratic" easing="out">WindowClose</animation>
    <coordinates>
        <system>1</system>
        <left>0</left>
        <top>522</top>
    </coordinates>
    <controls>
        <control type="image">
            <width>1920</width>
            <height>558</height>
            <texture colordiffuse="background">$VAR[CommonBackgroundOverlay]</texture>
        </control>
        <control type="image">
            <top>8</top>
            <width>1920</width>
            <height>550</height>
            <texture colordiffuse="background">dialog.png</texture>
        </control>
        <control type="label" id="2">
            <include>HiddenObject</include>
        </control>
        <control type="label">
            <description>path label</description>
            <left>50</left>
            <top>48</top>
            <width>1140</width>
            <height>50</height>
            <font>font14</font>
            <label>1021</label>
            <textcolor>highlight</textcolor>
        </control>
        <control type="group">
            <left>50</left>
            <top>118</top>
            <control type="list" id="10">
                <width>1020</width>
                <height>240</height>
                <onup>12</onup>
                <onleft>9001</onleft>
                <onright condition="Container(10).HasNext | Container(10).HasPrevious">60</onright>
                <onright condition="![Container(10).HasNext | Container(10).HasPrevious]">9000</onright>
                <ondown>12</ondown>
                <pagecontrol>60</pagecontrol>
                <scrolltime tween="quadratic" easing="out">200</scrolltime>
                <itemlayout height="60">
                    <control type="label">
                        <width>1020</width>
                        <height>60</height>
                        <font>font14</font>
                        <textoffsetx>15</textoffsetx>
                        <selectedcolor>highlight</selectedcolor>
                        <label>$INFO[ListItem.Label]</label>
                    </control>
                </itemlayout>
                <focusedlayout height="60">
                    <control type="image">
                        <animation effect="fade" time="50" start="100" end="50" condition="!Control.HasFocus(10)">Conditional</animation>
                        <width>1020</width>
                        <height>60</height>
                        <texture>selecteditem_bg.png</texture>
                        <colordiffuse>highlight</colordiffuse>
                        <include>VisibleFadeEffect</include>
                    </control>
                    <control type="label">
                        <width>1020</width>
                        <height>60</height>
                        <font>font14</font>
                        <textoffsetx>15</textoffsetx>
                        <label>$INFO[ListItem.Label]</label>
                    </control>
                </focusedlayout>
            </control>
            <control type="scrollbar" id="60">
                <visible allowhiddenfocus="true">Control.HasFocus(60) | Control.HasFocus(10)</visible>
                <animation effect="fade" time="300" tween="sine" easing="inout" start="0" end="100">Visible</animation>
                <left>1030</left>
                <width>10</width>
                <height>240</height>
                <onleft>10</onleft>
                <onright>9000</onright>
                <orientation>vertical</orientation>
            </control>
        </control>
        <control type="group">
            <left>1120</left>
            <top>118</top>
            <control type="grouplist" id="9000">
                <onup>9000</onup>
                <ondown>9000</ondown>
                <onleft>10</onleft>
                <onright>9001</onright>
                <control type="button" id="11">
                    <description>Browse Button</description>
                    <width>300</width>
                    <label>1024</label>
                </control>
                <control type="button" id="13">
                    <description>Add Path Button</description>
                    <width>300</width>
                    <label>15019</label>
                </control>
                <control type="button" id="14">
                    <description>Remove Path Button</description>
                    <width>300</width>
                    <label>1210</label>
                </control>
            </control>
        </control>
        <control type="grouplist" id="9001">
            <left>1470</left>
            <top>58</top>
            <width>400</width>
            <height>140</height>
            <onup>9001</onup>
            <ondown>9001</ondown>
            <onleft>9000</onleft>
            <onright>10</onright>
            <itemgap>20</itemgap>
            <align>center</align>
            <control type="button" id="18">
                <description>Ok Button</description>
                <width>400</width>
                <label>186</label>
                <font>font15_title</font>
                <align>center</align>
                <texturenofocus colordiffuse="33787878">selecteditem_bg.png</texturenofocus>
            </control>
            <control type="button" id="19">
                <description>Cancel Button</description>
                <width>400</width>
                <label>222</label>
                <font>font15_title</font>
                <align>center</align>
                <texturenofocus colordiffuse="33787878">selecteditem_bg.png</texturenofocus>
            </control>
        </control>
        <control type="group">
            <left>50</left>
            <top>390</top>
            <control type="label">
                <description>Name label</description>
                <width>1020</width>
                <height>50</height>
                <font>font14</font>
                <label>1022</label>
                <textcolor>highlight</textcolor>
            </control>
            <control type="edit" id="12">
                <description>Name Button</description>
                <top>60</top>
                <width>1020</width>
                <align>center</align>
                <label />
                <onup>10</onup>
                <onleft>9001</onleft>
                <onright>12</onright>
                <ondown>10</ondown>
                <texturenofocus colordiffuse="33000000">selecteditem_bg.png</texturenofocus>
            </control>
        </control>
    </controls>
</window>