<?xml version="1.0" encoding="UTF-8"?>
<window>
    <defaultcontrol always="true">11</defaultcontrol>
    <coordinates>
        <system>1</system>
        <left>0</left>
        <top>0</top>
    </coordinates>
    <animation effect="slide" start="-890,0" end="0,0" time="400" tween="quadratic" easing="out">WindowOpen</animation>
    <animation effect="slide" end="-890,0" start="0,0" time="200" tween="quadratic" easing="out">WindowClose</animation>
    <controls>
        <control type="group">
            <control type="group">
                <control type="image">
                    <width>898</width>
                    <height>1080</height>
                    <texture colordiffuse="background">$VAR[CommonBackgroundOverlay]</texture>
                </control>
                <control type="image">
                    <width>890</width>
                    <height>1080</height>
                    <texture colordiffuse="background">dialog.png</texture>
                </control>
            </control>
            <control type="panel" id="11">
                <left>0</left>
                <top>0</top>
                <width>890</width>
                <height>1080</height>
                <onleft>PreviousChannelGroup</onleft>
                <onright>60</onright>
                <onup>11</onup>
                <ondown>11</ondown>
                <viewtype label="535">list</viewtype>
                <pagecontrol>60</pagecontrol>
                <scrolltime tween="quadratic" easing="out">200</scrolltime>
                <itemlayout height="120" width="890">
                    <control type="image">
                        <left>10</left>
                        <top>10</top>
                        <width>100</width>
                        <height>100</height>
                        <aspectratio align="center" aligny="center">keep</aspectratio>
                        <texture background="true" fallback="DefaultTVShows.png">$INFO[ListItem.Icon]</texture>
                    </control>
                    <control type="label">
                        <visible>ListItem.IsPlaying</visible>
                        <left>140</left>
                        <top>-1</top>
                        <width>35</width>
                        <height>60</height>
                        <font>IconTiny</font>
                        <label>I</label>
                    </control>
                    <control type="label">
                        <left>140</left>
                        <top>-6</top>
                        <right>20</right>
                        <height>70</height>
                        <font>IconSmall</font>
                        <label>j</label>
                        <visible>ListItem.IsRecording</visible>
                    </control>
                    <control type="label">
                        <animation effect="slide" time="0" tween="sine" easing="inout" start="0" end="35" condition="ListItem.IsPlaying">Conditional</animation>
                        <left>140</left>
                        <top>-7</top>
                        <right>20</right>
                        <height>70</height>
                        <font>font30</font>
                        <label>$INFO[ListItem.Title]</label>
                    </control>
                    <control type="label">
                        <left>140</left>
                        <top>40</top>
                        <right>20</right>
                        <height>60</height>
                        <label>$INFO[ListItem.ChannelNumberLabel,,. ]$INFO[ListItem.Label]</label>
                    </control>
                    <control type="progress">
                        <description>Progressbar</description>
                        <left>140</left>
                        <top>98</top>
                        <width>730</width>
                        <height>8</height>
                        <texturebg colordiffuse="22ffffff">osd/midtexture.png</texturebg>
                        <midtexture colordiffuse="maintext">osd/midtexture.png</midtexture>
                        <visible>ListItem.HasEpg</visible>
                        <info>ListItem.Progress</info>
                    </control>
                </itemlayout>
                <focusedlayout height="120" width="890">
                    <include content="SelectedItemBackground">
                        <param name="Left" value="0" />
                        <param name="Top" value="0" />
                        <param name="Width" value="890" />
                        <param name="Height" value="120" />
                    </include>
                    <control type="image">
                        <width>120</width>
                        <height>120</height>
                        <texture>overlays/diffuse-overlay.png</texture>
                    </control>
                    <control type="image">
                        <left>10</left>
                        <top>10</top>
                        <width>100</width>
                        <height>100</height>
                        <aspectratio align="center" aligny="center">keep</aspectratio>
                        <texture background="true" fallback="DefaultTVShows.png">$INFO[ListItem.Icon]</texture>
                    </control>
                    <control type="label">
                        <visible>ListItem.IsPlaying</visible>
                        <left>140</left>
                        <top>-1</top>
                        <width>35</width>
                        <height>60</height>
                        <font>IconTiny</font>
                        <label>I</label>
                    </control>
                    <control type="label">
                        <left>140</left>
                        <top>-6</top>
                        <right>20</right>
                        <height>70</height>
                        <font>IconSmall</font>
                        <label>j</label>
                        <visible>ListItem.IsRecording</visible>
                    </control>
                    <control type="label">
                        <animation effect="slide" time="0" tween="sine" easing="inout" start="0" end="35" condition="ListItem.IsPlaying">Conditional</animation>
                        <left>140</left>
                        <top>-7</top>
                        <right>20</right>
                        <height>70</height>
                        <font>font30</font>
                        <label>$INFO[ListItem.Title]</label>
                    </control>
                    <control type="label">
                        <left>140</left>
                        <top>40</top>
                        <right>20</right>
                        <height>60</height>
                        <label>$INFO[ListItem.ChannelNumberLabel,,. ]$INFO[ListItem.Label]</label>
                    </control>
                    <control type="progress">
                        <description>Progressbar</description>
                        <left>140</left>
                        <top>98</top>
                        <width>730</width>
                        <height>8</height>
                        <texturebg colordiffuse="22ffffff">osd/midtexture.png</texturebg>
                        <midtexture colordiffuse="maintext">osd/midtexture.png</midtexture>
                        <visible>ListItem.HasEpg</visible>
                        <info>ListItem.Progress</info>
                    </control>
                </focusedlayout>
            </control>
            <control type="scrollbar" id="60">
                <left>890</left>
                <top>0</top>
                <width>8</width>
                <height>1080</height>
                <onleft>11</onleft>
                <onright>NextChannelGroup</onright>
                <ondown>61</ondown>
                <onup>61</onup>
                <orientation>vertical</orientation>
            </control>
        </control>
        <include>PVRChannelNumberInput</include>
    </controls>
</window>