<?xml version="1.0" encoding="UTF-8"?>
<window>
    <defaultcontrol always="true">450</defaultcontrol>
    <animation effect="slide" start="0,708" end="0,0" time="300" tween="quadratic" easing="out">WindowOpen</animation>
    <animation effect="slide" start="0,0" end="0,708" time="300" tween="quadratic" easing="out">WindowClose</animation>
    <allowoverlay>no</allowoverlay>
    <coordinates>
        <system>1</system>
        <left>0</left>
        <top>372</top>
    </coordinates>
    <controls>
        <control type="group">
            <control type="image">
                <width>1920</width>
                <height>708</height>
                <texture colordiffuse="background">$VAR[CommonBackgroundOverlay]</texture>
            </control>
            <control type="image">
                <top>8</top>
                <width>1920</width>
                <height>700</height>
                <texture colordiffuse="background">dialog.png</texture>
            </control>
            <control type="label" id="411">
                <include>HiddenObject</include>
            </control>
            <control type="group">
                <left>50</left>
                <top>58</top>
                <control type="panel" id="450">
                    <width>1370</width>
                    <height>600</height>
                    <onleft>9000</onleft>
                    <onright>60</onright>
                    <onup>450</onup>
                    <ondown>450</ondown>
                    <pagecontrol>60</pagecontrol>
                    <scrolltime tween="quadratic" easing="out">200</scrolltime>
                    <itemlayout height="120" width="1370">
                        <control type="image">
                            <left>10</left>
                            <top>10</top>
                            <width>100</width>
                            <height>100</height>
                            <aspectratio aligny="center" align="center">keep</aspectratio>
                            <texture>$INFO[ListItem.Icon]</texture>
                        </control>
                        <control type="label">
                            <top>3</top>
                            <left>140</left>
                            <right>30</right>
                            <height>110</height>
                            <font>font30</font>
                            <selectedcolor>highlight</selectedcolor>
                            <label>$INFO[ListItem.Label]</label>
                        </control>
                    </itemlayout>
                    <focusedlayout height="120" width="1370">
                        <control type="image">
                            <width>1370</width>
                            <height>120</height>
                            <texture>selecteditem_bg.png</texture>
                            <colordiffuse>highlight</colordiffuse>
                        </control>
                        <control type="image">
                            <width>120</width>
                            <height>120</height>
                            <texture>overlays/diffuse-overlay.png</texture>
                        </control>
                        <control type="image">
                            <left>10</left>
                            <top>10</top>
                            <width>100</width>
                            <height>100</height>
                            <aspectratio aligny="center" align="center">keep</aspectratio>
                            <texture>$INFO[ListItem.Icon]</texture>
                        </control>
                        <control type="label">
                            <top>3</top>
                            <left>140</left>
                            <right>30</right>
                            <height>110</height>
                            <font>font30</font>
                            <label>$INFO[ListItem.Label]</label>
                        </control>
                    </focusedlayout>
                </control>
                <control type="image">
                    <animation effect="zoom" start="100" end="60" center="185,185" time="0" condition="String.Contains(Container(451).ListItem.Icon,special%3A%2F%2Fskin%2Fextras%2Fspinners)">conditional</animation>
                    <width>370</width>
                    <height>600</height>
                    <aspectratio align="center" aligny="top">keep</aspectratio>
                    <texture background="true">$INFO[ListItem.Icon]</texture>
                    <visible>Control.IsVisible(451) + !String.Contains(Control.GetLabel(416),*)</visible>
                </control>
                <control type="image">
                    <width>370</width>
                    <height>600</height>
                    <aspectratio align="center" aligny="top">keep</aspectratio>
                    <texture background="true" flipx="true">$INFO[ListItem.Icon]</texture>
                    <visible>Control.IsVisible(451) + String.Contains(Control.GetLabel(416),*)</visible>
                </control>
                <control type="panel" id="451">
                    <left>420</left>
                    <width>950</width>
                    <height>600</height>
                    <onleft>9000</onleft>
                    <onright>60</onright>
                    <onup>451</onup>
                    <ondown>451</ondown>
                    <pagecontrol>60</pagecontrol>
                    <scrolltime tween="quadratic" easing="out">200</scrolltime>
                    <itemlayout height="120" width="950">
                        <control type="image">
                            <animation effect="zoom" start="100" end="80" center="auto" time="0" condition="String.Contains(ListItem.Icon,special%3A%2F%2Fskin%2Fextras%2Fspinners)">conditional</animation>
                            <left>10</left>
                            <top>10</top>
                            <width>100</width>
                            <height>100</height>
                            <aspectratio aligny="center" align="center">keep</aspectratio>
                            <texture>$INFO[ListItem.Icon]</texture>
                        </control>
                        <control type="label">
                            <left>140</left>
                            <top>3</top>
                            <right>30</right>
                            <height>70</height>
                            <font>font30</font>
                            <selectedcolor>highlight</selectedcolor>
                            <label>$INFO[ListItem.Label]</label>
                        </control>
                        <control type="label">
                            <left>140</left>
                            <top>52</top>
                            <right>30</right>
                            <height>60</height>
                            <selectedcolor>highlight</selectedcolor>
                            <label>$INFO[ListItem.Size]</label>
                            <visible>!String.StartsWith(ListItem.Size,0)</visible>
                        </control>
                    </itemlayout>
                    <focusedlayout height="120" width="950">
                        <control type="image">
                            <width>950</width>
                            <height>120</height>
                            <texture>selecteditem_bg.png</texture>
                            <colordiffuse>highlight</colordiffuse>
                        </control>
                        <control type="image">
                            <width>120</width>
                            <height>120</height>
                            <texture>overlays/diffuse-overlay.png</texture>
                        </control>
                        <control type="image">
                            <animation effect="zoom" start="100" end="80" center="auto" time="0" condition="String.Contains(ListItem.Icon,special%3A%2F%2Fskin%2Fextras%2Fspinners)">conditional</animation>
                            <left>10</left>
                            <top>10</top>
                            <width>100</width>
                            <height>100</height>
                            <aspectratio aligny="center" align="center">keep</aspectratio>
                            <texture>$INFO[ListItem.Icon]</texture>
                        </control>
                        <control type="label">
                            <left>140</left>
                            <top>3</top>
                            <right>30</right>
                            <height>70</height>
                            <font>font30</font>
                            <label>$INFO[ListItem.Label]</label>
                        </control>
                        <control type="label">
                            <left>140</left>
                            <top>52</top>
                            <right>30</right>
                            <height>60</height>
                            <font>font13</font>
                            <label>$INFO[ListItem.Size]</label>
                            <visible>!String.StartsWith(ListItem.Size,0)</visible>
                        </control>
                    </focusedlayout>
                </control>
                <control type="scrollbar" id="60">
                    <left>1380</left>
                    <width>10</width>
                    <height>600</height>
                    <onleft>450</onleft>
                    <onright>9000</onright>
                    <orientation>vertical</orientation>
                </control>
            </control>
            <control type="label" id="412">
                <include>HiddenObject</include>
            </control>
            <control type="group">
                <left>1470</left>
                <top>58</top>
                <control type="grouplist" id="9000">
                    <width>400</width>
                    <height>300</height>
                    <orientation>vertical</orientation>
                    <onleft>60</onleft>
                    <onright>450</onright>
                    <onup>9000</onup>
                    <ondown>9000</ondown>
                    <itemgap>20</itemgap>
                    <control type="button" id="413">
                        <description>OK button</description>
                        <width>400</width>
                        <font>font15_title</font>
                        <align>center</align>
                        <texturenofocus colordiffuse="33787878">selecteditem_bg.png</texturenofocus>
                        <label>186</label>
                        <visible>Control.IsEnabled(413)</visible>
                    </control>
                    <control type="button" id="414">
                        <description>Cancel button</description>
                        <label>222</label>
                        <width>400</width>
                        <font>font15_title</font>
                        <align>center</align>
                        <texturenofocus colordiffuse="33787878">selecteditem_bg.png</texturenofocus>
                    </control>
                    <control type="button" id="415">
                        <description>Create folder button</description>
                        <label>119</label>
                        <width>400</width>
                        <font>font15_title</font>
                        <align>center</align>
                        <texturenofocus colordiffuse="33787878">selecteditem_bg.png</texturenofocus>
                        <visible>Control.IsEnabled(415)</visible>
                    </control>
                    <control type="radiobutton" id="416">
                        <description>Flip Image button</description>
                        <width>400</width>
                        <label>749</label>
                        <font>font15_title</font>
                        <textoffsetx>40</textoffsetx>
                        <texturenofocus colordiffuse="33787878">selecteditem_bg.png</texturenofocus>
                        <visible>Control.IsEnabled(416)</visible>
                    </control>
                </control>
            </control>
        </control>
    </controls>
</window>