<?xml version="1.0" encoding="UTF-8"?>
<includes>
    <include name="WidgetBusyAnimation">
        <control type="image" id="12345">
            <description>Busy animation</description>
            <visible>!Window.IsVisible(volumebar) + !Window.IsVisible(extendedprogressdialog) + Control.IsVisible($PARAM[id]) + Container($PARAM[id]).IsUpdating</visible>
            <top>30</top>
            <left>2260</left>
            <width>60</width>
            <height>60</height>
            <texture colordiffuse="maintext" fallback="special://skin/extras/spinners/Sun.png">$INFO[Skin.String(busyloader)]</texture>
            <aspectratio>keep</aspectratio>
            <animation effect="rotate" start="360" end="0" center="auto" time="3000" loop="true" condition="true">conditional</animation>
        </control>
    </include>
    <include name="WidgetContents">
        <left>0</left>
        <width>1696</width>
        <height>890</height>
        <onup>$PARAM[onup]</onup>
        <ondown>$PARAM[ondown]</ondown>
        <onleft>$PARAM[onleft]</onleft>
        <onright>$PARAM[onright]</onright>
        <onclick condition="String.StartsWith(Container(9000).ListItem.Property(widgetPath),favorites)">$INFO[ListItem.FileNameAndPath]</onclick>
        <onback>9000</onback>
        <preloaditems>2</preloaditems>
        <viewtype label="21371">list</viewtype>
        <scrolltime tween="quadratic" easing="out">300</scrolltime>
        <orientation>$PARAM[orientation]</orientation>
        <visible>!IsEmpty(Container(9000).ListItem.Property(widgetPath)) + !String.IsEqual(Container(9000).ListItem.Property(widget),weather) + !String.IsEqual(Container(9000).ListItem.Property(widget),settings)</visible>
        <itemlayout height="445" width="282" condition="String.IsEqual(Container(9000).ListItem.Property(widgetIcon),$LOCALIZE[20021])">
            <control type="image">
                <top>20</top>
                <left>22</left>
                <width>242</width>
                <height>362</height>
                <texture>overlays/diffuse-overlay.png</texture>
            </control>
            <control type="label">
                <left>22</left>
                <width>242</width>
                <top>380</top>
                <height>50</height>
                <label>$VAR[WidgetThumbnailLabel]</label>
            </control>
            <control type="image">
                <left>22</left>
                <top>20</top>
                <width>242</width>
                <height>362</height>
                <aspectratio align="center" aligny="center">scale</aspectratio>
                <texture background="true" fallback="DefaultFolder.png">$VAR[WidgetArt]</texture>
            </control>
            <include content="OverlayIcons">
                <param name="OverlayLeft" value="207" />
                <param name="OverlayTop" value="18" />
            </include>
        </itemlayout>
        <focusedlayout height="445" width="282" condition="String.IsEqual(Container(9000).ListItem.Property(widgetIcon),$LOCALIZE[20021])">
            <include content="SelectedItemBackground">
                <param name="Left" value="12" />
                <param name="Top" value="10" />
                <param name="Width" value="262" />
                <param name="Height" value="422" />
            </include>
            <control type="image">
                <top>20</top>
                <left>22</left>
                <width>242</width>
                <height>362</height>
                <texture>overlays/diffuse-overlay.png</texture>
            </control>
            <control type="label">
                <left>22</left>
                <width>242</width>
                <top>380</top>
                <height>50</height>
                <label>$VAR[WidgetThumbnailLabel]</label>
            </control>
            <control type="image">
                <left>22</left>
                <top>20</top>
                <width>242</width>
                <height>362</height>
                <aspectratio align="center" aligny="center">scale</aspectratio>
                <texture background="true" fallback="DefaultFolder.png">$VAR[WidgetArt]</texture>
            </control>
            <include content="OverlayIcons">
                <param name="OverlayLeft" value="207" />
                <param name="OverlayTop" value="18" />
            </include>
        </focusedlayout>
        <itemlayout height="296" width="424" condition="String.IsEqual(Container(9000).ListItem.Property(widgetIcon),$LOCALIZE[20445]) | String.IsEqual(Container(9000).ListItem.Property(widgetIcon),$LOCALIZE[31100]) | String.IsEqual(Container(9000).ListItem.Property(widgetIcon),$LOCALIZE[31088]) | [String.IsEqual(Container(9000).ListItem.Property(widgetIcon),$LOCALIZE[21371]) + [String.Contains(Container(9000).ListItem.Property(widgetPath),recentlyaddedepisodes) | String.Contains(Container(9000).ListItem.Property(widgetType),episodes)]]">
            <control type="image">
                <top>20</top>
                <left>20</left>
                <width>384</width>
                <height>216</height>
                <texture>overlays/diffuse-overlay.png</texture>
            </control>
            <control type="label">
                <left>20</left>
                <width>384</width>
                <top>234</top>
                <height>50</height>
                <label>$VAR[WidgetThumbnailLabel]</label>
            </control>
            <control type="image">
                <visible>!String.IsEqual(Container(9000).ListItem.Property(widgetIcon),$LOCALIZE[31088])</visible>
                <left>20</left>
                <top>20</top>
                <width>384</width>
                <height>216</height>
                <aspectratio align="center" aligny="center">scale</aspectratio>
                <texture background="true" fallback="DefaultFolder.png">$VAR[WidgetArt]</texture>
            </control>
            <control type="image">
                <visible>String.IsEqual(Container(9000).ListItem.Property(widgetIcon),$LOCALIZE[31088])</visible>
                <left>20</left>
                <top>20</top>
                <width>384</width>
                <height>216</height>
                <aspectratio align="center" aligny="center">keep</aspectratio>
                <texture background="true" fallback="DefaultFolder.png">$VAR[WidgetArt]</texture>
            </control>
            <include content="OverlayIcons">
                <param name="OverlayLeft" value="345" />
                <param name="OverlayTop" value="20" />
            </include>
        </itemlayout>
        <focusedlayout height="296" width="424" condition="String.IsEqual(Container(9000).ListItem.Property(widgetIcon),$LOCALIZE[20445]) | String.IsEqual(Container(9000).ListItem.Property(widgetIcon),$LOCALIZE[31100]) | String.IsEqual(Container(9000).ListItem.Property(widgetIcon),$LOCALIZE[31088]) | [String.IsEqual(Container(9000).ListItem.Property(widgetIcon),$LOCALIZE[21371]) + [String.Contains(Container(9000).ListItem.Property(widgetPath),recentlyaddedepisodes) | String.Contains(Container(9000).ListItem.Property(widgetType),episodes)]]">
            <include content="SelectedItemBackground">
                <param name="Left" value="10" />
                <param name="Top" value="10" />
                <param name="Width" value="404" />
                <param name="Height" value="276" />
            </include>
            <control type="image">
                <top>20</top>
                <left>20</left>
                <width>384</width>
                <height>216</height>
                <texture>overlays/diffuse-overlay.png</texture>
            </control>
            <control type="label">
                <left>20</left>
                <width>384</width>
                <top>234</top>
                <height>50</height>
                <label>$VAR[WidgetThumbnailLabel]</label>
            </control>
            <control type="image">
                <visible>!String.IsEqual(Container(9000).ListItem.Property(widgetIcon),$LOCALIZE[31088])</visible>
                <left>20</left>
                <top>20</top>
                <width>384</width>
                <height>216</height>
                <aspectratio align="center" aligny="center">scale</aspectratio>
                <texture background="true" fallback="DefaultFolder.png">$VAR[WidgetArt]</texture>
            </control>
            <control type="image">
                <visible>String.IsEqual(Container(9000).ListItem.Property(widgetIcon),$LOCALIZE[31088])</visible>
                <left>20</left>
                <top>20</top>
                <width>384</width>
                <height>216</height>
                <aspectratio align="center" aligny="center">keep</aspectratio>
                <texture background="true" fallback="DefaultFolder.png">$VAR[WidgetArt]</texture>
            </control>
            <include content="OverlayIcons">
                <param name="OverlayLeft" value="345" />
                <param name="OverlayTop" value="20" />
            </include>
        </focusedlayout>
        <itemlayout height="445" width="405" condition="[String.IsEqual(Container(9000).ListItem.Property(widgetIcon),$LOCALIZE[21371]) + ![String.Contains(Container(9000).ListItem.Property(widgetPath),recentlyaddedepisodes) | String.Contains(Container(9000).ListItem.Property(widgetType),episodes)]] | String.IsEmpty(Container(9000).ListItem.Property(widgetIcon))">
            <control type="image">
                <top>20</top>
                <left>58</left>
                <width>365</width>
                <height>365</height>
                <texture>overlays/diffuse-overlay.png</texture>
            </control>
            <control type="label">
                <left>58</left>
                <width>365</width>
                <top>383</top>
                <height>50</height>
                <label>$VAR[WidgetThumbnailLabel]</label>
            </control>
            <control type="image">
                <left>58</left>
                <top>20</top>
                <width>365</width>
                <height>365</height>
                <aspectratio align="center" aligny="center">keep</aspectratio>
                <texture background="true" fallback="DefaultFolder.png">$VAR[WidgetArt]</texture>
            </control>
            <include content="OverlayIcons">
                <param name="OverlayLeft" value="364" />
                <param name="OverlayTop" value="18" />
            </include>
        </itemlayout>
        <focusedlayout height="445" width="405" condition="[String.IsEqual(Container(9000).ListItem.Property(widgetIcon),$LOCALIZE[21371]) + ![String.Contains(Container(9000).ListItem.Property(widgetPath),recentlyaddedepisodes) | String.Contains(Container(9000).ListItem.Property(widgetType),episodes)]] | String.IsEmpty(Container(9000).ListItem.Property(widgetIcon))">
            <include content="SelectedItemBackground">
                <param name="Left" value="48" />
                <param name="Top" value="10" />
                <param name="Width" value="385" />
                <param name="Height" value="425" />
            </include>
            <control type="image">
                <top>20</top>
                <left>58</left>
                <width>365</width>
                <height>365</height>
                <texture>overlays/diffuse-overlay.png</texture>
            </control>
            <control type="label">
                <left>58</left>
                <width>365</width>
                <top>383</top>
                <height>50</height>
                <label>$VAR[WidgetThumbnailLabel]</label>
            </control>
            <control type="image">
                <left>58</left>
                <top>20</top>
                <width>365</width>
                <height>365</height>
                <aspectratio align="center" aligny="center">keep</aspectratio>
                <texture background="true" fallback="DefaultFolder.png">$VAR[WidgetArt]</texture>
            </control>
            <include content="OverlayIcons">
                <param name="OverlayLeft" value="364" />
                <param name="OverlayTop" value="18" />
            </include>
        </focusedlayout>
        <itemlayout height="178" width="848" condition="String.IsEqual(Container(9000).ListItem.Property(widgetIcon),$LOCALIZE[31005])">
            <control type="image">
                <left>60</left>
                <top>24</top>
                <width>130</width>
                <height>130</height>
                <aspectratio>keep</aspectratio>
                <texture background="true">$VAR[WidgetArt]</texture>
            </control>
            <control type="label">
                <top>33</top>
                <left>220</left>
                <right>70</right>
                <height>70</height>
                <font>font30</font>
                <label>$VAR[WidgetListMainLabel]</label>
            </control>
            <control type="label">
                <top>82</top>
                <left>220</left>
                <right>70</right>
                <height>60</height>
                <label>$VAR[WidgetListSubLabel]</label>
            </control>
        </itemlayout>
        <focusedlayout height="178" width="848" condition="String.IsEqual(Container(9000).ListItem.Property(widgetIcon),$LOCALIZE[31005])">
            <include content="SelectedItemBackground">
                <param name="Left" value="50" />
                <param name="Top" value="14" />
                <param name="Width" value="750" />
                <param name="Height" value="150" />
            </include>
            <control type="image">
                <left>50</left>
                <top>14</top>
                <width>150</width>
                <height>150</height>
                <texture>overlays/diffuse-overlay.png</texture>
            </control>
            <control type="image">
                <left>60</left>
                <top>24</top>
                <width>130</width>
                <height>130</height>
                <aspectratio>keep</aspectratio>
                <texture background="true">$VAR[WidgetArt]</texture>
            </control>
            <control type="label">
                <top>33</top>
                <left>220</left>
                <right>70</right>
                <height>70</height>
                <font>font30</font>
                <label>$VAR[WidgetListMainLabel]</label>
            </control>
            <control type="label">
                <top>82</top>
                <left>220</left>
                <right>70</right>
                <height>60</height>
                <label>$VAR[WidgetListSubLabel]</label>
            </control>
        </focusedlayout>
    </include>
    <include name="WeatherWidgetContents">
        <visible>String.IsEqual(Container(9000).ListItem.Property(widget),weather) + !IsEmpty(Weather.Plugin)</visible>
        <top>400</top>
        <left>39</left>
        <width>1620</width>
        <height>445</height>
        <onleft>9000</onleft>
        <onright>$PARAM[id]</onright>
        <onup>9000</onup>
        <ondown>9000</ondown>
        <onclick>ActivateWindow(weather)</onclick>
        <preloaditems>2</preloaditems>
        <viewtype label="21371">list</viewtype>
        <scrolltime tween="quadratic" easing="out">300</scrolltime>
        <orientation>horizontal</orientation>
        <itemlayout height="445" width="405">
            <control type="image">
                <top>20</top>
                <left>20</left>
                <width>365</width>
                <height>365</height>
                <texture>overlays/diffuse-overlay.png</texture>
            </control>
            <control type="label">
                <top>50</top>
                <left>20</left>
                <right>20</right>
                <height>60</height>
                <font>font15</font>
                <align>center</align>
                <selectedcolor>highlight</selectedcolor>
                <label>$INFO[ListItem.Label2]</label>
            </control>
            <control type="image">
                <left>20</left>
                <top>100</top>
                <right>20</right>
                <height>200</height>
                <aspectratio align="center" aligny="center">keep</aspectratio>
                <texture background="true" fallback="DefaultFolder.png">$INFO[ListItem.Icon]</texture>
            </control>
            <control type="label">
                <top>290</top>
                <left>20</left>
                <right>20</right>
                <height>60</height>
                <font>font15</font>
                <align>center</align>
                <selectedcolor>highlight</selectedcolor>
                <label>$INFO[ListItem.Property(HighTemp),[COLOR invalid],[/COLOR]]$INFO[ListItem.Property(LowTemp), | [COLOR ff8de0ff],[/COLOR]]</label>
            </control>
            <control type="label">
                <left>20</left>
                <right>20</right>
                <top>383</top>
                <height>50</height>
                <label>$INFO[ListItem.Label]</label>
            </control>
        </itemlayout>
        <focusedlayout height="445" width="405">
            <include content="SelectedItemBackground">
                <param name="Left" value="10" />
                <param name="Top" value="10" />
                <param name="Width" value="385" />
                <param name="Height" value="425" />
            </include>
            <control type="image">
                <top>20</top>
                <left>20</left>
                <width>365</width>
                <height>365</height>
                <texture>overlays/diffuse-overlay.png</texture>
            </control>
            <control type="label">
                <top>50</top>
                <left>20</left>
                <right>20</right>
                <height>60</height>
                <font>font15</font>
                <align>center</align>
                <selectedcolor>highlight</selectedcolor>
                <label>$INFO[ListItem.Label2]</label>
            </control>
            <control type="image">
                <left>20</left>
                <top>100</top>
                <right>20</right>
                <height>200</height>
                <aspectratio align="center" aligny="center">keep</aspectratio>
                <texture background="true" fallback="DefaultFolder.png">$INFO[ListItem.Icon]</texture>
            </control>
            <control type="label">
                <top>290</top>
                <left>20</left>
                <right>20</right>
                <height>60</height>
                <font>font15</font>
                <align>center</align>
                <selectedcolor>highlight</selectedcolor>
                <label>$INFO[ListItem.Property(HighTemp),[COLOR invalid],[/COLOR]]$INFO[ListItem.Property(LowTemp), | [COLOR ff8de0ff],[/COLOR]]</label>
            </control>
            <control type="label">
                <left>20</left>
                <right>20</right>
                <top>383</top>
                <height>50</height>
                <label>$INFO[ListItem.Label]</label>
            </control>
        </focusedlayout>
        <content>
            <item>
                <label>$LOCALIZE[33006]</label>
                <label2>$INFO[Window(weather).Property(Day0.Outlook)]</label2>
                <icon>$VAR[WeatherIconVar]$INFO[Window(weather).Property(Day0.FanartCode),,.png]</icon>
                <property name="HighTemp">$INFO[Window(weather).Property(Day0.HighTemp)]$INFO[System.TemperatureUnits]</property>
                <property name="LowTemp">$INFO[Window(weather).Property(Day0.LowTemp)]$INFO[System.TemperatureUnits]</property>
            </item>
            <item>
                <label>$LOCALIZE[33007]</label>
                <label2>$INFO[Window(weather).Property(Day1.Outlook)]</label2>
                <icon>$VAR[WeatherIconVar]$INFO[Window(weather).Property(Day1.FanartCode),,.png]</icon>
                <property name="HighTemp">$INFO[Window(weather).Property(Day1.HighTemp)]$INFO[System.TemperatureUnits]</property>
                <property name="LowTemp">$INFO[Window(weather).Property(Day1.LowTemp)]$INFO[System.TemperatureUnits]</property>
            </item>
            <item>
                <label>$INFO[Window(weather).Property(Day2.Title)]</label>
                <label2>$INFO[Window(weather).Property(Day2.Outlook)]</label2>
                <icon>$VAR[WeatherIconVar]$INFO[Window(weather).Property(Day2.FanartCode),,.png]</icon>
                <property name="HighTemp">$INFO[Window(weather).Property(Day2.HighTemp)]$INFO[System.TemperatureUnits]</property>
                <property name="LowTemp">$INFO[Window(weather).Property(Day2.LowTemp)]$INFO[System.TemperatureUnits]</property>
            </item>
            <item>
                <label>$INFO[Window(weather).Property(Day3.Title)]</label>
                <label2>$INFO[Window(weather).Property(Day3.Outlook)]</label2>
                <icon>$VAR[WeatherIconVar]$INFO[Window(weather).Property(Day3.FanartCode),,.png]</icon>
                <property name="HighTemp">$INFO[Window(weather).Property(Day3.HighTemp)]$INFO[System.TemperatureUnits]</property>
                <property name="LowTemp">$INFO[Window(weather).Property(Day3.LowTemp)]$INFO[System.TemperatureUnits]</property>
            </item>
            <item>
                <label>$INFO[Window(weather).Property(Day4.Title)]</label>
                <label2>$INFO[Window(weather).Property(Day4.Outlook)]</label2>
                <icon>$VAR[WeatherIconVar]$INFO[Window(weather).Property(Day4.FanartCode),,.png]</icon>
                <property name="HighTemp">$INFO[Window(weather).Property(Day4.HighTemp)]$INFO[System.TemperatureUnits]</property>
                <property name="LowTemp">$INFO[Window(weather).Property(Day4.LowTemp)]$INFO[System.TemperatureUnits]</property>
            </item>
            <item>
                <visible>!String.IsEmpty(Window(weather).Property(Day5.FanartCode))</visible>
                <label>$INFO[Window(weather).Property(Day5.Title)]</label>
                <label2>$INFO[Window(weather).Property(Day5.Outlook)]</label2>
                <icon>$VAR[WeatherIconVar]$INFO[Window(weather).Property(Day5.FanartCode),,.png]</icon>
                <property name="HighTemp">$INFO[Window(weather).Property(Day5.HighTemp)]$INFO[System.TemperatureUnits]</property>
                <property name="LowTemp">$INFO[Window(weather).Property(Day5.LowTemp)]$INFO[System.TemperatureUnits]</property>
            </item>
            <item>
                <visible>!String.IsEmpty(Window(weather).Property(Day6.FanartCode))</visible>
                <label>$INFO[Window(weather).Property(Day6.Title)]</label>
                <label2>$INFO[Window(weather).Property(Day6.Outlook)]</label2>
                <icon>$VAR[WeatherIconVar]$INFO[Window(weather).Property(Day6.FanartCode),,.png]</icon>
                <property name="HighTemp">$INFO[Window(weather).Property(Day6.HighTemp)]$INFO[System.TemperatureUnits]</property>
                <property name="LowTemp">$INFO[Window(weather).Property(Day6.LowTemp)]$INFO[System.TemperatureUnits]</property>
            </item>
        </content>
    </include>
    <include name="SettingsWidgetContents">
        <visible>String.IsEqual(Container(9000).ListItem.Property(widget),settings)</visible>
        <top>0</top>
        <left>0</left>
        <width>1696</width>
        <height>890</height>
        <onleft>$PARAM[onleft]</onleft>
        <onright>$PARAM[onright]</onright>
        <onback>9000</onback>
        <onup>$PARAM[onup]</onup>
        <ondown>$PARAM[ondown]</ondown>
        <preloaditems>2</preloaditems>
        <viewtype label="21371">list</viewtype>
        <scrolltime tween="quadratic" easing="out">300</scrolltime>
        <itemlayout height="178" width="848">
            <control type="image">
                <left>60</left>
                <top>24</top>
                <width>130</width>
                <height>130</height>
                <aspectratio>keep</aspectratio>
                <texture background="true">$INFO[ListItem.Icon]</texture>
            </control>
            <control type="label">
                <top>33</top>
                <left>220</left>
                <right>70</right>
                <height>70</height>
                <font>font30</font>
                <label>$INFO[ListItem.Label]</label>
            </control>
            <control type="label">
                <top>82</top>
                <left>220</left>
                <right>70</right>
                <height>60</height>
                <label>$INFO[ListItem.Label2]</label>
            </control>
        </itemlayout>
        <focusedlayout height="178" width="848">
            <include content="SelectedItemBackground">
                <param name="Left" value="50" />
                <param name="Top" value="14" />
                <param name="Width" value="750" />
                <param name="Height" value="150" />
            </include>
            <control type="image">
                <left>50</left>
                <top>14</top>
                <width>150</width>
                <height>150</height>
                <texture>overlays/diffuse-overlay.png</texture>
            </control>
            <control type="image">
                <left>60</left>
                <top>24</top>
                <width>130</width>
                <height>130</height>
                <aspectratio>keep</aspectratio>
                <texture background="true">$INFO[ListItem.Icon]</texture>
            </control>
            <control type="label">
                <top>33</top>
                <left>220</left>
                <right>70</right>
                <height>70</height>
                <font>font30</font>
                <label>$INFO[ListItem.Label]</label>
            </control>
            <control type="label">
                <top>82</top>
                <left>220</left>
                <right>70</right>
                <height>60</height>
                <label>$INFO[ListItem.Label2]</label>
            </control>
        </focusedlayout>
        <include>SettingsListContents</include>
    </include>
    <include name="SystemInfoWidgetContents">
        <visible>String.IsEqual(Container(9000).ListItem.Property(widget),systeminfo)</visible>
        <top>0</top>
        <left>0</left>
        <width>1696</width>
        <height>890</height>
        <onleft>$PARAM[onleft]</onleft>
        <onright>$PARAM[onright]</onright>
        <onback>9000</onback>
        <onup>$PARAM[onup]</onup>
        <ondown>$PARAM[ondown]</ondown>
        <preloaditems>2</preloaditems>
        <viewtype label="21371">list</viewtype>
        <scrolltime tween="quadratic" easing="out">300</scrolltime>
        <itemlayout height="178" width="848">
            <control type="image">
                <left>60</left>
                <top>24</top>
                <width>130</width>
                <height>130</height>
                <aspectratio>keep</aspectratio>
                <texture background="true">$INFO[ListItem.Icon]</texture>
            </control>
            <control type="label">
                <top>33</top>
                <left>220</left>
                <right>70</right>
                <height>70</height>
                <font>font30</font>
                <label>$INFO[ListItem.Label]</label>
            </control>
            <control type="label">
                <top>82</top>
                <left>220</left>
                <right>70</right>
                <height>60</height>
                <label>$INFO[ListItem.Label2]</label>
            </control>
        </itemlayout>
        <focusedlayout height="178" width="848">
            <include content="SelectedItemBackground">
                <param name="Left" value="50" />
                <param name="Top" value="14" />
                <param name="Width" value="750" />
                <param name="Height" value="150" />
            </include>
            <control type="image">
                <left>50</left>
                <top>14</top>
                <width>150</width>
                <height>150</height>
                <texture>overlays/diffuse-overlay.png</texture>
            </control>
            <control type="image">
                <left>60</left>
                <top>24</top>
                <width>130</width>
                <height>130</height>
                <aspectratio>keep</aspectratio>
                <texture background="true">$INFO[ListItem.Icon]</texture>
            </control>
            <control type="label">
                <top>33</top>
                <left>220</left>
                <right>70</right>
                <height>70</height>
                <font>font30</font>
                <label>$INFO[ListItem.Label]</label>
            </control>
            <control type="label">
                <top>82</top>
                <left>220</left>
                <right>70</right>
                <height>60</height>
                <label>$INFO[ListItem.Label2]</label>
            </control>
        </focusedlayout>
        <content>
            <item id="1">
                <label>$LOCALIZE[31016]</label>
                <label2>$INFO[System.KernelVersion]</label2>
                <icon>$VAR[OSVar]</icon>
                <onclick>ActivateWindow(systeminfo)</onclick>
                <visible>!String.IsEmpty(System.KernelVersion)</visible>
            </item>
            <item id="2">
                <label>$LOCALIZE[31018]</label>
                <label2>$INFO[System.CpuFrequency]</label2>
                <icon>special://skin/extras/icons/cpu.png</icon>
                <onclick>ActivateWindow(systeminfo)</onclick>
                <visible>!String.IsEmpty(System.CpuFrequency)</visible>
            </item>
            <item id="3">
                <label>$LOCALIZE[31019]</label>
                <label2>$INFO[System.VideoEncoderInfo]</label2>
                <icon>DefaultVideo.png</icon>
                <onclick>ActivateWindow(systeminfo)</onclick>
                <visible>!String.IsEmpty(System.VideoEncoderInfo)</visible>
            </item>
            <item id="4">
                <label>$LOCALIZE[31017]</label>
                <label2>$INFO[System.ScreenMode]</label2>
                <icon>special://skin/extras/icons/resolution.png</icon>
                <onclick>ActivateWindow(systeminfo)</onclick>
                <visible>!String.IsEmpty(System.ScreenMode)</visible>
            </item>
            <item id="5">
                <label>$LOCALIZE[12390]</label>
                <label2>$INFO[System.Uptime]</label2>
                <icon>special://skin/extras/icons/clock.png</icon>
                <onclick>ActivateWindow(systeminfo)</onclick>
                <visible>!String.IsEmpty(System.Uptime)</visible>
            </item>
            <item id="6">
                <label>$LOCALIZE[12394]</label>
                <label2>$INFO[System.TotalUptime]</label2>
                <icon>special://skin/extras/icons/clock.png</icon>
                <onclick>ActivateWindow(systeminfo)</onclick>
                <visible>!String.IsEmpty(System.TotalUptime)</visible>
            </item>
            <item id="7">
                <label>$LOCALIZE[150]</label>
                <label2>$INFO[Network.IPAddress]</label2>
                <icon>special://skin/extras/icons/location.png</icon>
                <onclick>ActivateWindow(systeminfo)</onclick>
                <visible>!String.IsEmpty(Network.IPAddress)</visible>
            </item>
            <item id="8">
                <label>$LOCALIZE[798]</label>
                <label2>$INFO[System.InternetState]</label2>
                <icon>special://skin/extras/icons/service.png</icon>
                <onclick>ActivateWindow(systeminfo)</onclick>
                <visible>!String.IsEmpty(System.InternetState)</visible>
            </item>
            <item id="9">
                <label>$LOCALIZE[19114]</label>
                <label2>$INFO[System.BuildVersion]</label2>
                <icon>special://skin/extras/icons/kodi.png</icon>
                <onclick>ActivateWindow(systeminfo)</onclick>
                <visible>!String.IsEmpty(System.BuildVersion)</visible>
            </item>
        </content>
    </include>
</includes>