<?xml version="1.0" encoding="UTF-8"?>
<window>
    <defaultcontrol />
    <allowoverlay>false</allowoverlay>
    <onload condition="System.HasAddon(script.artistslideshow)">RunScript(script.artistslideshow, daemon=True)</onload>
    <controls>
        <control type="group">
            <include>BackgroundFadeAnimation</include>
            <control type="visualisation" id="2">
                <!-- FIX ME Music Visualization needs to have an id of 2 in this window to be able to lock or change preset -->
                <description>visualisation</description>
                <include>FullscreenDimensions</include>
                <visible>Player.HasAudio + !SlideShow.IsActive</visible>
            </control>
            <control type="image">
                <aspectratio>scale</aspectratio>
                <include>FullscreenDimensions</include>
                <texture background="true">$VAR[MusicVizBackground]</texture>
                <animation effect="fade" start="100" end="40" time="0" condition="!Skin.HasSetting(HideVisualizationFanart) + Visualisation.Enabled">Conditional</animation>
                <animation effect="zoom" start="110" end="130" center="auto" time="10000" tween="sine" easing="inout" pulse="true" condition="!Skin.HasSetting(Disable.AnimateFanart)">Conditional</animation>
                <animation effect="slide" start="-30,-30" end="30,30" time="6000" tween="sine" easing="inout" pulse="true" condition="!Skin.HasSetting(Disable.AnimateFanart)">Conditional</animation>
            </control>
            <control type="multiimage">
                <visible>System.HasAddon(script.artistslideshow) + String.IsEqual(Skin.String(musicvis.background),artistslideshow) + !Skin.HasSetting(HideVisualizationFanart)</visible>
                <animation effect="fade" start="100" end="40" time="0" condition="!Skin.HasSetting(HideVisualizationFanart) + Visualisation.Enabled">Conditional</animation>
                <animation effect="zoom" start="110" end="130" center="auto" time="10000" tween="sine" easing="inout" pulse="true" condition="!Skin.HasSetting(Disable.AnimateFanart)">Conditional</animation>
                <animation effect="slide" start="-30,-30" end="30,30" time="6000" tween="sine" easing="inout" pulse="true" condition="!Skin.HasSetting(Disable.AnimateFanart)">Conditional</animation>
                <aspectratio>scale</aspectratio>
                <include>FullscreenDimensions</include>
                <timeperimage>10000</timeperimage>
                <randomize>true</randomize>
                <fadetime>600</fadetime>
                <loop>yes</loop>
                <imagepath background="true">$INFO[Window(Visualisation).Property(ArtistSlideshow)]</imagepath>
            </control>
            <control type="group">
                <visible>String.IsEqual(Skin.String(musicvis.background),albumwall) + !Skin.HasSetting(HideVisualizationFanart)</visible>
                <control type="panel" id="9032">
                    <left>0</left>
                    <top>0</top>
                    <width>1920</width>
                    <height>1080</height>
                    <viewtype label="31086">icons</viewtype>
                    <onleft>9032</onleft>
                    <onright>9032</onright>
                    <onup>9032</onup>
                    <ondown>9032</ondown>
                    <pagecontrol>60</pagecontrol>
                    <scrolltime tween="cubic" easing="inout">600</scrolltime>
                    <orientation>vertical</orientation>
                    <preloaditems>2</preloaditems>
                    <itemlayout height="192" width="192">
                        <control type="image">
                            <animation effect="fade" start="100" end="40" time="0" condition="!Skin.HasSetting(HideVisualizationFanart) + Visualisation.Enabled">Conditional</animation>
                            <width>192</width>
                            <height>192</height>
                            <aspectratio>scale</aspectratio>
                            <texture background="true">$INFO[ListItem.Icon]</texture>
                            <fadetime>400</fadetime>
                        </control>
                    </itemlayout>
                    <focusedlayout height="192" width="192">
                        <control type="image">
                            <animation effect="fade" start="100" end="40" time="0" condition="!Skin.HasSetting(HideVisualizationFanart) + Visualisation.Enabled">Conditional</animation>
                            <width>192</width>
                            <height>192</height>
                            <aspectratio>scale</aspectratio>
                            <texture background="true">$INFO[ListItem.Icon]</texture>
                            <fadetime>400</fadetime>
                        </control>
                    </focusedlayout>
                    <content>special://skin/extras/albumwall.xsp</content>
                </control>
            </control>
        </control>
        <!-- media infos -->
        <control type="fadelabel">
            <width>FullScreenWidth</width>
            <scroll>true</scroll>
            <scrollout>true</scrollout>
            <font>BigAssFont</font>
            <pauseatend>200</pauseatend>
            <aligny>center</aligny>
            <label>                      $INFO[Player.Title]</label>
            <label>                      $INFO[MusicPlayer.Artist]</label>
            <label>                      $INFO[MusicPlayer.Album]</label>
            <textcolor>1FFFFFFF</textcolor>
            <textoffsetx>20</textoffsetx>
            <resetonlabelchange>true</resetonlabelchange>
            <visible>Skin.HasSetting(BigAssLabel)</visible>
        </control>
        <control type="fadelabel">
            <width>1080</width>
            <scroll>true</scroll>
            <scrollout>true</scrollout>
            <font>BigAssFont</font>
            <pauseatend>200</pauseatend>
            <aligny>center</aligny>
            <label>               $INFO[MusicPlayer.Artist]</label>
            <label>               $INFO[MusicPlayer.Album]</label>
            <label>               $INFO[Player.Title]</label>
            <textcolor>1FFFFFFF</textcolor>
            <textoffsetx>20</textoffsetx>
            <resetonlabelchange>true</resetonlabelchange>
            <visible>Skin.HasSetting(BigAssLabel)</visible>
            <animation effect="rotate" tween="cubic" time="720" center="auto" end="90" condition="true">Conditonal</animation>
        </control>
        <control type="group">
            <left>0</left>
            <top>732</top>
            <visible>[Player.ShowInfo | Window.IsActive(MusicOSD)] + ![Window.IsVisible(1120) | Window.IsVisible(okdialog) | Window.IsVisible(AddonSettings) | Window.IsVisible(SelectDialog) | Window.IsVisible(VisualisationPresetList)]</visible>
            <animation effect="slide" tween="cubic" time="500" start="0,400" end="0,0">Visible</animation>
            <animation effect="slide" tween="cubic" time="500" end="0,400" start="0,0">Hidden</animation>
            <include>WindowSlideAnimation</include>
            <control type="image">
                <width>1920</width>
                <height>348</height>
                <texture colordiffuse="background">$VAR[CommonBackgroundOverlay]</texture>
            </control>
            <control type="image">
                <top>8</top>
                <width>1920</width>
                <height>340</height>
                <texture colordiffuse="background">dialog.png</texture>
            </control>
            <control type="image">
                <left>1595</left>
                <top>33</top>
                <width>360</width>
                <height>50</height>
                <aspectratio>keep</aspectratio>
                <texture fallback="flags/rating/0.0.png" colordiffuse="maintext">$INFO[MusicPlayer.UserRating,flags/rating/,.png]</texture>
            </control>
            <control type="image">
                <left>1730</left>
                <top>183</top>
                <width>198</width>
                <include>MediaFlagVars</include>
                <texture colordiffuse="maintext">$INFO[MusicPlayer.Codec,flags/audio/,.png]</texture>
            </control>
            <control type="progress">
                <left>375</left>
                <top>283</top>
                <width>1510</width>
                <height>8</height>
                <info>Player.Progress</info>
            </control>
            <control type="label">
                <top>293</top>
                <left>375</left>
                <width>1510</width>
                <height>35</height>
                <font>font12</font>
                <label>$INFO[Player.Time]</label>
            </control>
            <control type="label">
                <top>293</top>
                <left>375</left>
                <width>1510</width>
                <height>35</height>
                <font>font12</font>
                <align>right</align>
                <label>$INFO[Player.Duration]</label>
            </control>
            <control type="label">
                <top>293</top>
                <left>375</left>
                <width>1510</width>
                <height>35</height>
                <font>font12</font>
                <align>center</align>
                <label>$VAR[MusicSeekLabelVar]</label>
            </control>
            <control type="grouplist">
                <left>372</left>
                <top>33</top>
                <width>1300</width>
                <height>460</height>
                <itemgap>10</itemgap>
                <control type="label">
                    <width>1300</width>
                    <height>50</height>
                    <font>font36</font>
                    <label>$INFO[MusicPlayer.TrackNumber,,. ]$INFO[Player.Title]</label>
                    <scroll>true</scroll>
                </control>
                <control type="label">
                    <width>1300</width>
                    <height>50</height>
                    <font>font16</font>
                    <textcolor>highlight</textcolor>
                    <label>$INFO[MusicPlayer.Artist]</label>
                </control>
                <control type="label">
                    <width>1300</width>
                    <height>50</height>
                    <font>font14_textbox</font>
                    <label>$INFO[MusicPlayer.Album]$INFO[MusicPlayer.Year, • ,]</label>
                </control>
                <control type="label">
                    <width>1300</width>
                    <height>48</height>
                    <font>font14_textbox</font>
                    <scroll>true</scroll>
                    <label>[COLOR highlight]$LOCALIZE[19031]:[/COLOR] $INFO[MusicPlayer.offset(1).Artist,, • ]$INFO[MusicPlayer.offset(1).TrackNumber,,. ]$INFO[MusicPlayer.offset(1).Title]</label>
                </control>
            </control>
            <control type="group">
                <left>0</left>
                <top>8</top>
                <control type="image">
                    <description>Cover image</description>
                    <width>340</width>
                    <height>340</height>
                    <aspectratio align="center" aligny="center">scale</aspectratio>
                    <texture fallback="DefaultAlbumCover.png">$INFO[Player.Art(thumb)]</texture>
                </control>
            </control>
            <control type="grouplist">
                <left>375</left>
                <top>286</top>
                <width>1510</width>
                <height>150</height>
                <itemgap>10</itemgap>
                <align>center</align>
                <orientation>horizontal</orientation>
                <include>VisibleFadeEffect</include>
                <visible>Player.Forwarding | Player.Rewinding</visible>
                <usecontrolcoords>true</usecontrolcoords>
                <control type="label">
                    <top>8</top>
                    <label>H</label>
                    <width>35</width>
                    <height>35</height>
                    <align>center</align>
                    <font>IconTiny</font>
                    <visible>Player.Rewinding</visible>
                </control>
                <control type="label">
                    <top>7</top>
                    <label>$VAR[VideoPlayerForwardRewindVar]</label>
                    <width min="10" max="300">auto</width>
                    <height>35</height>
                    <font>font12</font>
                </control>
                <control type="label">
                    <top>8</top>
                    <label>G</label>
                    <width>35</width>
                    <height>35</height>
                    <align>center</align>
                    <font>IconTiny</font>
                    <visible>Player.Forwarding</visible>
                </control>
            </control>
        </control>
        <!-- Artist bio -->
        <control type="group">
            <animation effect="slide" end="0,-203" time="240" condition="Window.Next(home)">WindowClose</animation>
            <animation effect="slide" start="0,-203" end="0,0" time="240">VisibleChange</animation>
            <animation effect="slide" start="0,-203" end="0,0" time="400" condition="Window.Previous(home)">WindowOpen</animation>
            <visible>!Window.IsActive(MusicOSD) + !Window.IsActive(1120) + !Window.IsActive(script-cu-lrclyrics-main.xml)</visible>
            <visible>System.HasAddon(script.artistslideshow) + !String.IsEmpty(Window(Visualisation).Property(ArtistSlideshow.ArtistBiography))</visible>
            <visible>[Player.ShowInfo + Skin.HasSetting(Enable.VizInfo)] | Skin.HasSetting(Enable.VizPersistent)</visible>
            <top>0</top>
            <control type="group">
                <control type="image">
                    <width>1920</width>
                    <height>203</height>
                    <texture colordiffuse="background">$VAR[CommonBackgroundOverlay]</texture>
                </control>
                <control type="image">
                    <width>1920</width>
                    <height>195</height>
                    <texture colordiffuse="background">dialog.png</texture>
                </control>
                <control type="textbox">
                    <description>Artist bio</description>
                    <left>25</left>
                    <top>12</top>
                    <height>160</height>
                    <width>1870</width>
                    <font>font14_textbox</font>
                    <label>[COLOR highlight]$LOCALIZE[21887]:[/COLOR] $INFO[Window(Visualisation).Property(ArtistSlideshow.ArtistBiography)]</label>
                    <autoscroll time="3000" delay="10000" repeat="5000">!Skin.HasSetting(Disable.AutoScroll)</autoscroll>
                </control>
            </control>
        </control>
    </controls>
</window>