<?xml version="1.0" encoding="UTF-8"?>
<window>
    <defaultcontrol always="true">50</defaultcontrol>
    <allowoverlay>no</allowoverlay>
    <onload>ClearProperty(MediaMenu,home)</onload>
    <onunload>ClearProperty(MediaMenu,home)</onunload>
    <controls>
        <include>CommonBackground</include>
        <control type="group">
            <include>MenuSlideAnimation</include>
            <left>-430</left>
            <control type="group">
                <include>Animation.Common</include>
                <left>580</left>
                <top>20</top>
                <control type="label" id="12">
                    <description>current directory text label</description>
                    <top>910</top>
                    <width>821</width>
                    <height>90</height>
                    <font>font16</font>
                    <textoffsetx>30</textoffsetx>
                    <haspath>true</haspath>
                    <textcolor>highlight</textcolor>
                </control>
                <control type="scrollbar" id="60">
                    <left>856</left>
                    <top>182</top>
                    <width>10</width>
                    <height>720</height>
                    <onleft>50</onleft>
                    <onright>100</onright>
                    <ondown>60</ondown>
                    <onup>60</onup>
                    <orientation>vertical</orientation>
                </control>
                <control type="list" id="50">
                    <left>32</left>
                    <top>182</top>
                    <width>821</width>
                    <height>720</height>
                    <onleft>9000</onleft>
                    <onright>60</onright>
                    <onup>50</onup>
                    <ondown>50</ondown>
                    <pagecontrol>60</pagecontrol>
                    <scrolltime tween="quadratic" easing="out">200</scrolltime>
                    <itemlayout height="60" width="821">
                        <control type="label">
                            <width>630</width>
                            <height>60</height>
                            <font>font14</font>
                            <textoffsetx>15</textoffsetx>
                            <selectedcolor>highlight</selectedcolor>
                            <label>$INFO[ListItem.Label]</label>
                        </control>
                        <control type="label">
                            <left>0</left>
                            <top>0</top>
                            <width>821</width>
                            <height>60</height>
                            <font>font14</font>
                            <textoffsetx>15</textoffsetx>
                            <selectedcolor>highlight</selectedcolor>
                            <align>right</align>
                            <label>$INFO[ListItem.Label2]</label>
                        </control>
                    </itemlayout>
                    <focusedlayout height="60" width="821">
                        <include content="SelectedItemBackground">
                            <param name="Left" value="0" />
                            <param name="Top" value="0" />
                            <param name="Width" value="821" />
                            <param name="Height" value="60" />
                        </include>
                        <control type="label">
                            <width>821</width>
                            <height>60</height>
                            <font>font14</font>
                            <textoffsetx>15</textoffsetx>
                            <label>$INFO[ListItem.Label]</label>
                        </control>
                        <control type="label">
                            <left>0</left>
                            <width>821</width>
                            <height>60</height>
                            <font>font14</font>
                            <textoffsetx>15</textoffsetx>
                            <align>right</align>
                            <label>$INFO[ListItem.Label2]</label>
                        </control>
                    </focusedlayout>
                </control>
            </control>
            <control type="group">
                <include>Animation.Common</include>
                <left>1415</left>
                <top>20</top>
                <control type="label" id="101">
                    <description>current directory text label</description>
                    <left>50</left>
                    <top>910</top>
                    <width>821</width>
                    <height>90</height>
                    <font>font16</font>
                    <align>right</align>
                    <textoffsetx>30</textoffsetx>
                    <haspath>true</haspath>
                    <textcolor>highlight</textcolor>
                </control>
                <control type="scrollbar" id="61">
                    <left>856</left>
                    <top>182</top>
                    <width>10</width>
                    <height>720</height>
                    <onleft>100</onleft>
                    <onright>SetProperty(MediaMenu,true,home)</onright>
                    <onright>SetFocus(9050)</onright>
                    <ondown>21</ondown>
                    <onup>21</onup>
                    <orientation>vertical</orientation>
                </control>
                <control type="list" id="100">
                    <left>32</left>
                    <top>182</top>
                    <width>821</width>
                    <height>720</height>
                    <onleft>60</onleft>
                    <onright condition="Container(100).HasNext | Container(100).HasPrevious">61</onright>
                    <onright condition="!Container(100).HasNext + !Container(100).HasPrevious">SetProperty(MediaMenu,true,home)</onright>
                    <onright condition="!Container(100).HasNext + !Container(100).HasPrevious">SetFocus(9050)</onright>
                    <onup>100</onup>
                    <ondown>100</ondown>
                    <pagecontrol>61</pagecontrol>
                    <scrolltime tween="quadratic" easing="out">200</scrolltime>
                    <itemlayout height="60" width="821">
                        <control type="label">
                            <left>0</left>
                            <top>0</top>
                            <width>630</width>
                            <height>60</height>
                            <font>font14</font>
                            <textoffsetx>15</textoffsetx>
                            <selectedcolor>highlight</selectedcolor>
                            <label>$INFO[ListItem.Label]</label>
                        </control>
                        <control type="label">
                            <left>0</left>
                            <top>0</top>
                            <width>821</width>
                            <height>60</height>
                            <font>font14</font>
                            <textoffsetx>15</textoffsetx>
                            <selectedcolor>highlight</selectedcolor>
                            <align>right</align>
                            <label>$INFO[ListItem.Label2]</label>
                        </control>
                    </itemlayout>
                    <focusedlayout height="60" width="821">
                        <control type="image">
                            <width>821</width>
                            <height>60</height>
                            <texture>selecteditem_bg.png</texture>
                            <colordiffuse>highlight</colordiffuse>
                            <visible>Control.HasFocus(100)</visible>
                            <include>VisibleFadeEffect</include>
                        </control>
                        <control type="label">
                            <width>821</width>
                            <height>60</height>
                            <font>font14</font>
                            <textoffsetx>15</textoffsetx>
                            <label>$INFO[ListItem.Label]</label>
                        </control>
                        <control type="label">
                            <left>0</left>
                            <width>821</width>
                            <height>60</height>
                            <font>font14</font>
                            <textoffsetx>15</textoffsetx>
                            <align>right</align>
                            <label>$INFO[ListItem.Label2]</label>
                        </control>
                    </focusedlayout>
                </control>
            </control>
            <control type="group">
                <left>2350</left>
                <include>SideBladeRight</include>
                <control type="grouplist" id="9050">
                    <onleft>ClearProperty(MediaMenu,home)</onleft>
                    <onleft>100</onleft>
                    <control type="button" id="6">
                        <description>Open</description>
                        <include>ButtonCommonValues</include>
                        <label>502</label>
                    </control>
                    <control type="button" id="7">
                        <description>Save</description>
                        <include>ButtonCommonValues</include>
                        <label>190</label>
                    </control>
                    <control type="button" id="8">
                        <description>Close</description>
                        <include>ButtonCommonValues</include>
                        <label>192</label>
                    </control>
                    <include>PlaylistButtons</include>
                    <include content="MenuPlayerControls">
                        <param name="PlayerControlsOnDown" value="1802" />
                    </include>
                </control>
            </control>
            <include>Submenu</include>
            <include>MainMenu</include>
            <include>Topbar</include>
        </control>
    </controls>
</window>