<?xml version="1.0" encoding="UTF-8"?>
<window>
    <defaultcontrol always="true">50</defaultcontrol>
    <menucontrol>9051</menucontrol>
    <allowoverlay>no</allowoverlay>
    <views>50,52,501,508</views>
    <onload>ClearProperty(MediaMenu,home)</onload>
    <onunload>ClearProperty(MediaMenu,home)</onunload>
    <controls>
        <include>CommonBackground</include>
        <control type="group">
            <include>MenuSlideAnimation</include>
            <top>0</top>
            <left>-430</left>
            <include>View_50_List</include>
            <!-- view id = 50 -->
            <control type="group">
                <left>2350</left>
                <include>SideBladeRight</include>
                <control type="grouplist" id="9050">
                    <include>MediaMenuTop</include>
                    <control type="radiobutton" id="20">
                        <description>Shuffle button</description>
                        <include>ButtonCommonValues</include>
                        <label>191</label>
                    </control>
                    <control type="button" id="26">
                        <description>Repeat button</description>
                        <textwidth>352</textwidth>
                        <include>ButtonCommonValues</include>
                        <label />
                    </control>
                    <control type="button" id="21">
                        <description>Save button</description>
                        <label>190</label>
                        <textwidth>352</textwidth>
                        <include>ButtonCommonValues</include>
                    </control>
                    <control type="button" id="22">
                        <description>Clear button</description>
                        <label>192</label>
                        <onclick condition="Window.IsActive(musicplaylist)">ReplaceWindow(music)</onclick>
                        <onclick condition="Window.IsActive(videoplaylist)">ReplaceWindow(Videos)</onclick>
                        <textwidth>352</textwidth>
                        <include>ButtonCommonValues</include>
                    </control>
                    <include>PlaylistButtons</include>
                    <include content="MenuPlayerControls">
                        <param name="PlayerControlsOnDown" value="1802" />
                    </include>
                </control>
            </control>
            <include>Submenu</include>
            <include>MainMenu</include>
            <include>Topbar</include>
        </control>
    </controls>
</window>