<window>
    <animation effect="slide" start="0,708" end="0,0" time="300" tween="quadratic" easing="out">WindowOpen</animation>
    <animation effect="slide" start="0,0" end="0,708" time="300" tween="quadratic" easing="out">WindowClose</animation>
    <coordinates>
        <left>0</left>
        <top>372</top>
    </coordinates>
    <controls>
        <control type="image">
            <width>1920</width>
            <height>708</height>
            <texture colordiffuse="background">$VAR[CommonBackgroundOverlay]</texture>
        </control>
        <control type="image">
            <top>8</top>
            <width>1920</width>
            <height>700</height>
            <texture colordiffuse="background">dialog.png</texture>
        </control>
        <control type="label" id="2">
            <include>HiddenObject</include>
        </control>
        <control type="label" id="4">
            <include>HiddenObject</include>
        </control>
        <control type="list" id="10">
            <left>50</left>
            <top>58</top>
            <width>1370</width>
            <height>600</height>
            <onup>10</onup>
            <ondown>10</ondown>
            <onleft>9001</onleft>
            <onright>9001</onright>
            <scrolltime>200</scrolltime>
            <itemlayout height="100">
                <control type="label">
                    <height>100</height>
                    <textoffsetx>30</textoffsetx>
                    <width>1370</width>
                    <label>$INFO[ListItem.Label]</label>
                </control>
            </itemlayout>
            <focusedlayout height="100">
                <control type="image">
                    <width>1370</width>
                    <height>100</height>
                    <texture>selecteditem_bg.png</texture>
                    <colordiffuse>highlight</colordiffuse>
                    <animation effect="fade" start="100" end="40" time="100" condition="ControlGroup(9001).HasFocus">Conditional</animation>
                </control>
                <control type="label">
                    <textoffsetx>30</textoffsetx>
                    <width>1370</width>
                    <height>100</height>
                    <label>$INFO[ListItem.Label]</label>
                </control>
            </focusedlayout>
        </control>
        <control type="grouplist" id="9001">
            <left>1470</left>
            <top>58</top>
            <width>400</width>
            <height>380</height>
            <onup>9001</onup>
            <ondown>9001</ondown>
            <onleft>10</onleft>
            <onright>10</onright>
            <itemgap>20</itemgap>
            <control type="button" id="13">
                <width>400</width>
                <label>15019</label>
                <font>font13_title</font>
                <textoffsetx>10</textoffsetx>
                <align>center</align>
                <texturenofocus colordiffuse="33787878">selecteditem_bg.png</texturenofocus>
            </control>
            <control type="button" id="14">
                <width>400</width>
                <label>15015</label>
                <font>font13_title</font>
                <textoffsetx>10</textoffsetx>
                <align>center</align>
                <texturenofocus colordiffuse="33787878">selecteditem_bg.png</texturenofocus>
            </control>
            <control type="button" id="11">
                <width>400</width>
                <font>font13_title</font>
                <textoffsetx>10</textoffsetx>
                <align>center</align>
                <texturenofocus colordiffuse="33787878">selecteditem_bg.png</texturenofocus>
            </control>
            <control type="button" id="18">
                <width>400</width>
                <label>186</label>
                <font>font13_title</font>
                <textoffsetx>10</textoffsetx>
                <align>center</align>
                <texturenofocus colordiffuse="33787878">selecteditem_bg.png</texturenofocus>
            </control>
            <control type="button" id="19">
                <width>400</width>
                <label>222</label>
                <font>font13_title</font>
                <textoffsetx>10</textoffsetx>
                <align>center</align>
                <texturenofocus colordiffuse="33787878">selecteditem_bg.png</texturenofocus>
            </control>
        </control>
    </controls>
</window>