<?xml version="1.0" encoding="UTF-8"?>
<window>
    <defaultcontrol always="true">2</defaultcontrol>
    <menucontrol>9051</menucontrol>
    <onload>ClearProperty(MediaMenu,home)</onload>
    <onunload>ClearProperty(MediaMenu,home)</onunload>
    <allowoverlay>no</allowoverlay>
    <controls>
        <include>CommonBackground</include>
        <control type="group">
            <include>MenuSlideAnimation</include>
            <top>0</top>
            <left>-430</left>
            <control type="group">
                <left>550</left>
                <top>210</top>
                <include>Animation.Common</include>
                <control type="panel" id="2">
                    <left>200</left>
                    <width>1400</width>
                    <height>780</height>
                    <onright condition="Container(2).HasPrevious | Container(2).HasNext">60</onright>
                    <onright condition="!Container(2).HasNext + !Container(2).HasPrevious">SetProperty(MediaMenu,true,home)</onright>
                    <onright condition="!Container(2).HasNext + !Container(2).HasPrevious">SetFocus(9050)</onright>
                    <onleft>9000</onleft>
                    <pagecontrol>60</pagecontrol>
                    <preloaditems>2</preloaditems>
                    <scrolltime tween="quadratic" easing="out">300</scrolltime>
                    <itemlayout height="390" width="350">
                        <control type="image">
                            <top>20</top>
                            <left>20</left>
                            <right>20</right>
                            <height>310</height>
                            <texture>overlays/diffuse-overlay.png</texture>
                        </control>
                        <control type="label">
                            <left>20</left>
                            <right>20</right>
                            <top>327</top>
                            <height>50</height>
                            <label>$INFO[ListItem.Label]</label>
                        </control>
                        <control type="image">
                            <left>20</left>
                            <top>20</top>
                            <right>20</right>
                            <height>310</height>
                            <aspectratio align="center" aligny="center">scale</aspectratio>
                            <texture background="true" fallback="DefaultIconProfile.png">$VAR[ProfileIconVar]</texture>
                        </control>
                    </itemlayout>
                    <focusedlayout height="390" width="350">
                        <include content="SelectedItemBackground">
                            <param name="Left" value="10" />
                            <param name="Top" value="10" />
                            <param name="Width" value="330" />
                            <param name="Height" value="370" />
                        </include>
                        <control type="image">
                            <top>20</top>
                            <left>20</left>
                            <right>20</right>
                            <height>310</height>
                            <texture>overlays/diffuse-overlay.png</texture>
                        </control>
                        <control type="label">
                            <left>20</left>
                            <right>20</right>
                            <top>327</top>
                            <height>50</height>
                            <label>$INFO[ListItem.Label]</label>
                        </control>
                        <control type="image">
                            <left>20</left>
                            <top>20</top>
                            <right>20</right>
                            <height>310</height>
                            <aspectratio align="center" aligny="center">scale</aspectratio>
                            <texture background="true" fallback="DefaultIconProfile.png">$VAR[ProfileIconVar]</texture>
                        </control>
                    </focusedlayout>
                </control>
            </control>
            <control type="group">
                <left>2350</left>
                <include>SideBladeRight</include>
                <control type="grouplist" id="9050">
                    <animation effect="slide" start="-630,0" end="0,0" time="400" tween="quadratic" easing="out">Visible</animation>
                    <left>0</left>
                    <top>0</top>
                    <width>630</width>
                    <height>1080</height>
                    <onright>9050</onright>
                    <onleft>ClearProperty(MediaMenu,home)</onleft>
                    <onleft>2</onleft>
                    <onup>9050</onup>
                    <ondown>9050</ondown>
                    <onback>ClearProperty(MediaMenu,home)</onback>
                    <onback>2</onback>
                    <itemgap>0</itemgap>
                    <control type="radiobutton" id="4">
                        <description>Enable Login screen</description>
                        <include>ButtonCommonValues</include>
                        <label>20096</label>
                    </control>
                    <control type="button" id="5">
                        <description>Auto Login</description>
                        <include>ButtonCommonValues</include>
                        <label>$LOCALIZE[33084]</label>
                        <label2>$INFO[System.ProfileAutoLogin]</label2>
                        <enable>!System.HasLoginScreen</enable>
                    </control>
                    <include>PlaylistButtons</include>
                    <include content="MenuPlayerControls">
                        <param name="PlayerControlsOnDown" value="213" />
                    </include>
                </control>
                <control type="image">
                    <top>890</top>
                    <left>30</left>
                    <width>570</width>
                    <height>160</height>
                    <texture>overlays/diffuse-overlay.png</texture>
                </control>
                <control type="image">
                    <top>900</top>
                    <left>450</left>
                    <width>140</width>
                    <height>140</height>
                    <aspectratio align="center" aligny="center">scale</aspectratio>
                    <texture fallback="DefaultActor.png">$INFO[System.ProfileThumb]</texture>
                </control>
                <control type="label">
                    <top>915</top>
                    <left>30</left>
                    <width>390</width>
                    <height>50</height>
                    <align>right</align>
                    <font>font15</font>
                    <label>$LOCALIZE[20125]</label>
                </control>
                <control type="label">
                    <top>965</top>
                    <left>30</left>
                    <width>390</width>
                    <height>60</height>
                    <align>right</align>
                    <font>font30</font>
                    <label>$INFO[System.ProfileName]</label>
                </control>
            </control>
            <include>Submenu</include>
            <include>MainMenu</include>
            <include>Topbar</include>
            <control type="group">
                <visible>Control.IsVisible(2)</visible>
                <control type="scrollbar" id="60">
                    <visible allowhiddenfocus="true">Control.HasFocus(60) | Container.Scrolling</visible>
                    <animation effect="fade" time="300" tween="sine" easing="inout" start="0" end="100">Visible</animation>
                    <left>2340</left>
                    <top>120</top>
                    <width>10</width>
                    <height>960</height>
                    <onleft>2</onleft>
                    <onright>SetProperty(MediaMenu,true,home)</onright>
                    <onright>SetFocus(9050)</onright>
                    <ondown>60</ondown>
                    <onup>60</onup>
                </control>
            </control>
        </control>
    </controls>
</window>