<?xml version="1.0" encoding="UTF-8"?>
<includes>
    <include name="View_50_List">
        <control type="group">
            <visible>Control.IsVisible(50) + !$EXP[isInfoDialog]</visible>
            <include>Animation.Common</include>
            <control type="group">
                <left>150</left>
                <top>0</top>
                <control type="panel" id="50">
                    <top>180</top>
                    <left>470</left>
                    <width>1720</width>
                    <height>840</height>
                    <onleft>9000</onleft>
                    <onright condition="Container(50).HasNext | Container(50).HasPrevious">60</onright>
                    <onright condition="!Container(50).HasNext + !Container(50).HasPrevious">SetProperty(MediaMenu,true,home)</onright>
                    <onright condition="!Container(50).HasNext + !Container(50).HasPrevious">SetFocus(9050)</onright>
                    <onup>50</onup>
                    <ondown>50</ondown>
                    <oninfo condition="$EXP[PluginAdvancedLauncher] + System.HasAddon(script.toolbox)">RunScript(script.toolbox,info=textviewer,header='"$INFO[ListItem.Label]"',text='"$VAR[AdvancedLauncherPlotVar]"')</oninfo>
                    <oninfo condition="System.HasAddon(script.extendedinfo) + Container.Content(actors)">RunScript(script.extendedinfo,info=extendedactorinfo,name=$INFO[ListItem.Label])</oninfo>
                    <viewtype label="535">list</viewtype>
                    <pagecontrol>60</pagecontrol>
                    <preloaditems>2</preloaditems>
                    <scrolltime tween="quadratic" easing="out">300</scrolltime>
                    <itemlayout height="120" width="1050" condition="[Container.Content(movies) | Container.Content(tvshows) | Container.Content(seasons) | Container.Content(sets)] + !String.IsEqual(Container.SortMethod,$LOCALIZE[13409])">
                        <control type="image">
                            <top>10</top>
                            <left>10</left>
                            <width>67</width>
                            <height>100</height>
                            <aspectratio align="center" aligny="center">scale</aspectratio>
                            <texture background="true" fallback="DefaultFallback.png">$VAR[ListIcon]</texture>
                        </control>
                        <control type="label">
                            <visible>ListItem.IsPlaying + !Player.Paused</visible>
                            <left>107</left>
                            <top>3</top>
                            <width>35</width>
                            <height>70</height>
                            <font>IconTiny</font>
                            <label>I</label>
                        </control>
                        <control type="label">
                            <visible>ListItem.IsPlaying + Player.Paused</visible>
                            <left>107</left>
                            <top>4</top>
                            <width>35</width>
                            <height>70</height>
                            <font>IconTiny</font>
                            <label>K</label>
                        </control>
                        <control type="label">
                            <visible>!Container.Content(sets) + !ListItem.IsPlaying</visible>
                            <top>3</top>
                            <left>107</left>
                            <right>80</right>
                            <height>70</height>
                            <font>font30</font>
                            <label>$VAR[ListMainLabelVar]</label>
                        </control>
                        <control type="label">
                            <visible>ListItem.IsPlaying</visible>
                            <top>3</top>
                            <left>142</left>
                            <right>80</right>
                            <height>70</height>
                            <font>font30</font>
                            <label>$VAR[ListMainLabelVar]</label>
                        </control>
                        <control type="label">
                            <visible>Container.Content(sets)</visible>
                            <top>3</top>
                            <left>107</left>
                            <right>80</right>
                            <height>110</height>
                            <font>font30</font>
                            <label>$VAR[ListMainLabelVar]</label>
                        </control>
                        <control type="label">
                            <visible>!Container.Content(sets)</visible>
                            <left>107</left>
                            <top>52</top>
                            <right>80</right>
                            <height>60</height>
                            <label>$VAR[ListSubLabelVar]</label>
                        </control>
                        <control type="label">
                            <right>80</right>
                            <height>118</height>
                            <font>font15</font>
                            <align>right</align>
                            <label>$VAR[ListRightLabel]</label>
                        </control>
                        <include content="OverlayList">
                            <param name="OverlayListTop" value="28" />
                            <param name="OverlayListWidth" value="1050" />
                        </include>
                    </itemlayout>
                    <focusedlayout height="120" width="1050" condition="[Container.Content(movies) | Container.Content(tvshows) | Container.Content(seasons) | Container.Content(sets)] + !String.IsEqual(Container.SortMethod,$LOCALIZE[13409])">
                        <include content="SelectedItemBackground">
                            <param name="Left" value="0" />
                            <param name="Top" value="0" />
                            <param name="Width" value="1050" />
                            <param name="Height" value="120" />
                        </include>
                        <control type="image">
                            <width>87</width>
                            <height>120</height>
                            <texture>overlays/diffuse-overlay.png</texture>
                        </control>
                        <control type="image">
                            <top>10</top>
                            <left>10</left>
                            <width>67</width>
                            <height>100</height>
                            <aspectratio align="center" aligny="center">scale</aspectratio>
                            <texture background="true" fallback="DefaultFallback.png">$VAR[ListIcon]</texture>
                        </control>
                        <control type="label">
                            <visible>ListItem.IsPlaying + !Player.Paused</visible>
                            <left>107</left>
                            <top>3</top>
                            <width>35</width>
                            <height>70</height>
                            <font>IconTiny</font>
                            <label>I</label>
                        </control>
                        <control type="label">
                            <visible>ListItem.IsPlaying + Player.Paused</visible>
                            <left>107</left>
                            <top>4</top>
                            <width>35</width>
                            <height>70</height>
                            <font>IconTiny</font>
                            <label>K</label>
                        </control>
                        <control type="label">
                            <visible>!Container.Content(sets) + !ListItem.IsPlaying</visible>
                            <top>3</top>
                            <left>107</left>
                            <right>80</right>
                            <height>70</height>
                            <font>font30</font>
                            <label>$VAR[ListMainLabelVar]</label>
                        </control>
                        <control type="label">
                            <visible>ListItem.IsPlaying</visible>
                            <top>3</top>
                            <left>142</left>
                            <right>80</right>
                            <height>70</height>
                            <font>font30</font>
                            <label>$VAR[ListMainLabelVar]</label>
                        </control>
                        <control type="label">
                            <visible>Container.Content(sets)</visible>
                            <top>3</top>
                            <left>107</left>
                            <right>80</right>
                            <height>110</height>
                            <font>font30</font>
                            <label>$VAR[ListMainLabelVar]</label>
                        </control>
                        <control type="label">
                            <visible>!Container.Content(sets)</visible>
                            <left>107</left>
                            <top>52</top>
                            <right>80</right>
                            <height>60</height>
                            <label>$VAR[ListSubLabelVar]</label>
                        </control>
                        <control type="label">
                            <right>80</right>
                            <height>118</height>
                            <font>font15</font>
                            <align>right</align>
                            <label>$VAR[ListRightLabel]</label>
                        </control>
                        <include content="OverlayList">
                            <param name="OverlayListTop" value="28" />
                            <param name="OverlayListWidth" value="1050" />
                        </include>
                    </focusedlayout>
                    <itemlayout height="120" width="1050" condition="Container.Content(artists) | Container.Content(albums) | Container.Content(songs) | Container.Content(addons) | Container.Content(images)">
                        <control type="image">
                            <visible>!Container.Content(songs) + !Container.Content(addons)</visible>
                            <top>10</top>
                            <left>10</left>
                            <width>100</width>
                            <height>100</height>
                            <aspectratio align="center" aligny="center">scale</aspectratio>
                            <texture background="true">$VAR[ListIcon]</texture>
                        </control>
                        <!-- Hack for addons with no icons -->
                        <control type="image">
                            <visible>Container.Content(addons)</visible>
                            <top>10</top>
                            <left>10</left>
                            <width>100</width>
                            <height>100</height>
                            <aspectratio align="center" aligny="center">scale</aspectratio>
                            <texture background="true">$INFO[ListItem.Icon]</texture>
                        </control>
                        <control type="label">
                            <visible>Container.Content(songs)</visible>
                            <left>0</left>
                            <top>0</top>
                            <width>120</width>
                            <height>120</height>
                            <font>font36</font>
                            <align>center</align>
                            <label>$INFO[ListItem.TrackNumber]</label>
                        </control>
                        <control type="label">
                            <visible>ListItem.IsPlaying + !Player.Paused</visible>
                            <left>140</left>
                            <top>3</top>
                            <width>35</width>
                            <height>70</height>
                            <font>IconTiny</font>
                            <label>I</label>
                        </control>
                        <control type="label">
                            <visible>ListItem.IsPlaying + Player.Paused</visible>
                            <left>140</left>
                            <top>4</top>
                            <width>35</width>
                            <height>70</height>
                            <font>IconTiny</font>
                            <label>K</label>
                        </control>
                        <control type="label">
                            <visible>!ListItem.IsPlaying</visible>
                            <top>3</top>
                            <left>140</left>
                            <right>20</right>
                            <height>70</height>
                            <font>font30</font>
                            <label>$VAR[ListMainLabelVar]</label>
                        </control>
                        <control type="label">
                            <visible>ListItem.IsPlaying</visible>
                            <top>3</top>
                            <left>175</left>
                            <right>20</right>
                            <height>70</height>
                            <font>font30</font>
                            <label>$VAR[ListMainLabelVar]</label>
                        </control>
                        <control type="label">
                            <left>140</left>
                            <top>52</top>
                            <right>20</right>
                            <height>60</height>
                            <label>$VAR[ListSubLabelVar]</label>
                        </control>
                        <control type="label">
                            <right>20</right>
                            <height>118</height>
                            <font>font15</font>
                            <align>right</align>
                            <label>$VAR[ListRightLabel]</label>
                        </control>
                    </itemlayout>
                    <focusedlayout height="120" width="1050" condition="Container.Content(artists) | Container.Content(albums) | Container.Content(songs) | Container.Content(addons) | Container.Content(images)">
                        <include content="SelectedItemBackground">
                            <param name="Left" value="0" />
                            <param name="Top" value="0" />
                            <param name="Width" value="1050" />
                            <param name="Height" value="120" />
                        </include>
                        <control type="image">
                            <width>120</width>
                            <height>120</height>
                            <texture>overlays/diffuse-overlay.png</texture>
                        </control>
                        <control type="image">
                            <visible>!Container.Content(songs) + !Container.Content(addons)</visible>
                            <top>10</top>
                            <left>10</left>
                            <width>100</width>
                            <height>100</height>
                            <aspectratio align="center" aligny="center">scale</aspectratio>
                            <texture background="true">$VAR[ListIcon]</texture>
                        </control>
                        <!-- Hack for addons with no icons -->
                        <control type="image">
                            <visible>Container.Content(addons)</visible>
                            <top>10</top>
                            <left>10</left>
                            <width>100</width>
                            <height>100</height>
                            <aspectratio align="center" aligny="center">scale</aspectratio>
                            <texture background="true">$INFO[ListItem.Icon]</texture>
                        </control>
                        <control type="label">
                            <visible>Container.Content(songs)</visible>
                            <left>0</left>
                            <top>0</top>
                            <width>120</width>
                            <height>120</height>
                            <font>font36</font>
                            <align>center</align>
                            <label>$INFO[ListItem.TrackNumber]</label>
                        </control>
                        <control type="label">
                            <visible>ListItem.IsPlaying + !Player.Paused</visible>
                            <left>140</left>
                            <top>3</top>
                            <width>35</width>
                            <height>70</height>
                            <font>IconTiny</font>
                            <label>I</label>
                        </control>
                        <control type="label">
                            <visible>ListItem.IsPlaying + Player.Paused</visible>
                            <left>140</left>
                            <top>4</top>
                            <width>35</width>
                            <height>70</height>
                            <font>IconTiny</font>
                            <label>K</label>
                        </control>
                        <control type="label">
                            <visible>!ListItem.IsPlaying</visible>
                            <top>3</top>
                            <left>140</left>
                            <right>20</right>
                            <height>70</height>
                            <font>font30</font>
                            <label>$VAR[ListMainLabelVar]</label>
                        </control>
                        <control type="label">
                            <visible>ListItem.IsPlaying</visible>
                            <top>3</top>
                            <left>175</left>
                            <right>20</right>
                            <height>70</height>
                            <font>font30</font>
                            <label>$VAR[ListMainLabelVar]</label>
                        </control>
                        <control type="label">
                            <left>140</left>
                            <top>52</top>
                            <right>20</right>
                            <height>60</height>
                            <label>$VAR[ListSubLabelVar]</label>
                        </control>
                        <control type="label">
                            <right>20</right>
                            <height>118</height>
                            <font>font15</font>
                            <align>right</align>
                            <label>$VAR[ListRightLabel]</label>
                        </control>
                    </focusedlayout>
                    <itemlayout height="120" width="1050" condition="Container.Content(musicvideos) | String.IsEqual(Container.SortMethod,$LOCALIZE[13409])">
                        <control type="image">
                            <visible>!String.IsEqual(Container.SortMethod,$LOCALIZE[13409])</visible>
                            <top>10</top>
                            <left>10</left>
                            <width>100</width>
                            <height>100</height>
                            <aspectratio align="center" aligny="center">scale</aspectratio>
                            <texture background="true">$VAR[ListIcon]</texture>
                        </control>
                        <control type="label">
                            <visible>String.IsEqual(Container.SortMethod,$LOCALIZE[13409])</visible>
                            <left>10</left>
                            <top>10</top>
                            <width>100</width>
                            <height>100</height>
                            <font>font36</font>
                            <align>center</align>
                            <label>$INFO[ListItem.Top250]</label>
                        </control>
                        <control type="label">
                            <visible>ListItem.IsPlaying + !Player.Paused</visible>
                            <left>140</left>
                            <top>3</top>
                            <width>35</width>
                            <height>70</height>
                            <font>IconTiny</font>
                            <label>I</label>
                        </control>
                        <control type="label">
                            <visible>ListItem.IsPlaying + Player.Paused</visible>
                            <left>140</left>
                            <top>4</top>
                            <width>35</width>
                            <height>70</height>
                            <font>IconTiny</font>
                            <label>K</label>
                        </control>
                        <control type="label">
                            <visible>!ListItem.IsPlaying</visible>
                            <top>3</top>
                            <left>140</left>
                            <right>20</right>
                            <height>70</height>
                            <font>font30</font>
                            <label>$VAR[ListMainLabelVar]</label>
                        </control>
                        <control type="label">
                            <visible>ListItem.IsPlaying</visible>
                            <top>3</top>
                            <left>175</left>
                            <right>20</right>
                            <height>70</height>
                            <font>font30</font>
                            <label>$VAR[ListMainLabelVar]</label>
                        </control>
                        <control type="label">
                            <left>140</left>
                            <top>52</top>
                            <right>80</right>
                            <height>60</height>
                            <label>$VAR[ListSubLabelVar]</label>
                        </control>
                        <control type="label">
                            <right>80</right>
                            <height>118</height>
                            <font>font15</font>
                            <align>right</align>
                            <label>$VAR[ListRightLabel]</label>
                        </control>
                        <include content="OverlayList">
                            <param name="OverlayListTop" value="28" />
                            <param name="OverlayListWidth" value="1050" />
                        </include>
                    </itemlayout>
                    <focusedlayout height="120" width="1050" condition="Container.Content(musicvideos) | String.IsEqual(Container.SortMethod,$LOCALIZE[13409])">
                        <include content="SelectedItemBackground">
                            <param name="Left" value="0" />
                            <param name="Top" value="0" />
                            <param name="Width" value="1050" />
                            <param name="Height" value="120" />
                        </include>
                        <control type="image">
                            <width>120</width>
                            <height>120</height>
                            <texture>overlays/diffuse-overlay.png</texture>
                        </control>
                        <control type="image">
                            <visible>!String.IsEqual(Container.SortMethod,$LOCALIZE[13409])</visible>
                            <top>10</top>
                            <left>10</left>
                            <width>100</width>
                            <height>100</height>
                            <aspectratio align="center" aligny="center">scale</aspectratio>
                            <texture background="true">$VAR[ListIcon]</texture>
                        </control>
                        <control type="label">
                            <visible>String.IsEqual(Container.SortMethod,$LOCALIZE[13409])</visible>
                            <left>10</left>
                            <top>10</top>
                            <width>100</width>
                            <height>100</height>
                            <font>font36</font>
                            <align>center</align>
                            <label>$INFO[ListItem.Top250]</label>
                        </control>
                        <control type="label">
                            <visible>ListItem.IsPlaying + !Player.Paused</visible>
                            <left>140</left>
                            <top>3</top>
                            <width>35</width>
                            <height>70</height>
                            <font>IconTiny</font>
                            <label>I</label>
                        </control>
                        <control type="label">
                            <visible>ListItem.IsPlaying + Player.Paused</visible>
                            <left>140</left>
                            <top>4</top>
                            <width>35</width>
                            <height>70</height>
                            <font>IconTiny</font>
                            <label>K</label>
                        </control>
                        <control type="label">
                            <visible>!ListItem.IsPlaying</visible>
                            <top>3</top>
                            <left>140</left>
                            <right>20</right>
                            <height>70</height>
                            <font>font30</font>
                            <label>$VAR[ListMainLabelVar]</label>
                        </control>
                        <control type="label">
                            <visible>ListItem.IsPlaying</visible>
                            <top>3</top>
                            <left>175</left>
                            <right>20</right>
                            <height>70</height>
                            <font>font30</font>
                            <label>$VAR[ListMainLabelVar]</label>
                        </control>
                        <control type="label">
                            <left>140</left>
                            <top>52</top>
                            <right>80</right>
                            <height>60</height>
                            <label>$VAR[ListSubLabelVar]</label>
                        </control>
                        <control type="label">
                            <right>80</right>
                            <height>118</height>
                            <font>font15</font>
                            <align>right</align>
                            <label>$VAR[ListRightLabel]</label>
                        </control>
                        <include content="OverlayList">
                            <param name="OverlayListTop" value="28" />
                            <param name="OverlayListWidth" value="1050" />
                        </include>
                    </focusedlayout>
                    <itemlayout height="120" width="1050" condition="Window.IsActive(videoplaylist) | Container.Content(videos) | Container.Content(files)">
                        <control type="image">
                            <top>10</top>
                            <left>10</left>
                            <width>100</width>
                            <height>100</height>
                            <aspectratio align="center" aligny="center">keep</aspectratio>
                            <texture background="true">$VAR[ListIcon]</texture>
                        </control>
                        <control type="label">
                            <visible>ListItem.IsPlaying + !Player.Paused</visible>
                            <left>140</left>
                            <top>3</top>
                            <width>35</width>
                            <height>70</height>
                            <font>IconTiny</font>
                            <label>I</label>
                        </control>
                        <control type="label">
                            <visible>ListItem.IsPlaying + Player.Paused</visible>
                            <left>140</left>
                            <top>4</top>
                            <width>35</width>
                            <height>70</height>
                            <font>IconTiny</font>
                            <label>K</label>
                        </control>
                        <control type="label">
                            <visible>!ListItem.IsPlaying</visible>
                            <top>3</top>
                            <left>140</left>
                            <right>80</right>
                            <height>70</height>
                            <font>font30</font>
                            <label>$VAR[ListMainLabelVar]</label>
                        </control>
                        <control type="label">
                            <visible>ListItem.IsPlaying</visible>
                            <top>3</top>
                            <left>175</left>
                            <right>80</right>
                            <height>70</height>
                            <font>font30</font>
                            <label>$VAR[ListMainLabelVar]</label>
                        </control>
                        <control type="label">
                            <left>140</left>
                            <top>52</top>
                            <right>80</right>
                            <height>60</height>
                            <label>$VAR[ListSubLabelVar]</label>
                        </control>
                        <control type="label">
                            <right>20</right>
                            <height>118</height>
                            <font>font15</font>
                            <align>right</align>
                            <label>$VAR[ListRightLabel]</label>
                        </control>
                    </itemlayout>
                    <focusedlayout height="120" width="1050" condition="Window.IsActive(videoplaylist) | Container.Content(videos) | Container.Content(files)">
                        <include content="SelectedItemBackground">
                            <param name="Left" value="0" />
                            <param name="Top" value="0" />
                            <param name="Width" value="1050" />
                            <param name="Height" value="120" />
                        </include>
                        <control type="image">
                            <width>120</width>
                            <height>120</height>
                            <texture>overlays/diffuse-overlay.png</texture>
                        </control>
                        <control type="image">
                            <top>10</top>
                            <left>10</left>
                            <width>100</width>
                            <height>100</height>
                            <aspectratio align="center" aligny="center">keep</aspectratio>
                            <texture background="true">$VAR[ListIcon]</texture>
                        </control>
                        <control type="label">
                            <visible>ListItem.IsPlaying + !Player.Paused</visible>
                            <left>140</left>
                            <top>3</top>
                            <width>35</width>
                            <height>70</height>
                            <font>IconTiny</font>
                            <label>I</label>
                        </control>
                        <control type="label">
                            <visible>ListItem.IsPlaying + Player.Paused</visible>
                            <left>140</left>
                            <top>4</top>
                            <width>35</width>
                            <height>70</height>
                            <font>IconTiny</font>
                            <label>K</label>
                        </control>
                        <control type="label">
                            <visible>!ListItem.IsPlaying</visible>
                            <top>3</top>
                            <left>140</left>
                            <right>80</right>
                            <height>70</height>
                            <font>font30</font>
                            <label>$VAR[ListMainLabelVar]</label>
                        </control>
                        <control type="label">
                            <visible>ListItem.IsPlaying</visible>
                            <top>3</top>
                            <left>175</left>
                            <right>80</right>
                            <height>70</height>
                            <font>font30</font>
                            <label>$VAR[ListMainLabelVar]</label>
                        </control>
                        <control type="label">
                            <left>140</left>
                            <top>52</top>
                            <right>80</right>
                            <height>60</height>
                            <label>$VAR[ListSubLabelVar]</label>
                        </control>
                        <control type="label">
                            <right>20</right>
                            <height>118</height>
                            <font>font15</font>
                            <align>right</align>
                            <label>$VAR[ListRightLabel]</label>
                        </control>
                    </focusedlayout>
                    <itemlayout height="120" width="1050" condition="Container.Content(episodes)">
                        <control type="image">
                            <top>10</top>
                            <left>10</left>
                            <width>178</width>
                            <height>100</height>
                            <aspectratio align="center" aligny="center">scale</aspectratio>
                            <texture background="true">$VAR[ListIcon]</texture>
                        </control>
                        <control type="label">
                            <visible>ListItem.IsPlaying + !Player.Paused</visible>
                            <left>218</left>
                            <top>3</top>
                            <width>35</width>
                            <height>70</height>
                            <font>IconTiny</font>
                            <label>I</label>
                        </control>
                        <control type="label">
                            <visible>ListItem.IsPlaying + Player.Paused</visible>
                            <left>218</left>
                            <top>4</top>
                            <width>35</width>
                            <height>70</height>
                            <font>IconTiny</font>
                            <label>K</label>
                        </control>
                        <control type="label">
                            <visible>!ListItem.IsPlaying</visible>
                            <top>3</top>
                            <left>218</left>
                            <right>80</right>
                            <height>70</height>
                            <font>font30</font>
                            <label>$VAR[ListMainLabelVar]</label>
                        </control>
                        <control type="label">
                            <visible>ListItem.IsPlaying</visible>
                            <top>3</top>
                            <left>253</left>
                            <right>80</right>
                            <height>70</height>
                            <font>font30</font>
                            <label>$VAR[ListMainLabelVar]</label>
                        </control>
                        <control type="label">
                            <left>218</left>
                            <top>52</top>
                            <right>80</right>
                            <height>60</height>
                            <label>$VAR[ListSubLabelVar]</label>
                        </control>
                        <control type="label">
                            <right>80</right>
                            <height>118</height>
                            <font>font15</font>
                            <align>right</align>
                            <label>$VAR[ListRightLabel]</label>
                        </control>
                        <include content="OverlayList">
                            <param name="OverlayListTop" value="28" />
                            <param name="OverlayListWidth" value="1050" />
                        </include>
                    </itemlayout>
                    <focusedlayout height="120" width="1050" condition="Container.Content(episodes)">
                        <include content="SelectedItemBackground">
                            <param name="Left" value="0" />
                            <param name="Top" value="0" />
                            <param name="Width" value="1050" />
                            <param name="Height" value="120" />
                        </include>
                        <control type="image">
                            <width>198</width>
                            <height>120</height>
                            <texture>overlays/diffuse-overlay.png</texture>
                        </control>
                        <control type="image">
                            <top>10</top>
                            <left>10</left>
                            <width>178</width>
                            <height>100</height>
                            <aspectratio align="center" aligny="center">scale</aspectratio>
                            <texture background="true">$VAR[ListIcon]</texture>
                        </control>
                        <control type="label">
                            <visible>ListItem.IsPlaying + !Player.Paused</visible>
                            <left>218</left>
                            <top>3</top>
                            <width>35</width>
                            <height>70</height>
                            <font>IconTiny</font>
                            <label>I</label>
                        </control>
                        <control type="label">
                            <visible>ListItem.IsPlaying + Player.Paused</visible>
                            <left>218</left>
                            <top>4</top>
                            <width>35</width>
                            <height>70</height>
                            <font>IconTiny</font>
                            <label>K</label>
                        </control>
                        <control type="label">
                            <visible>!ListItem.IsPlaying</visible>
                            <top>3</top>
                            <left>218</left>
                            <right>80</right>
                            <height>70</height>
                            <font>font30</font>
                            <label>$VAR[ListMainLabelVar]</label>
                        </control>
                        <control type="label">
                            <visible>ListItem.IsPlaying</visible>
                            <top>3</top>
                            <left>253</left>
                            <right>80</right>
                            <height>70</height>
                            <font>font30</font>
                            <label>$VAR[ListMainLabelVar]</label>
                        </control>
                        <control type="label">
                            <left>218</left>
                            <top>52</top>
                            <right>80</right>
                            <height>60</height>
                            <label>$VAR[ListSubLabelVar]</label>
                        </control>
                        <control type="label">
                            <right>80</right>
                            <height>118</height>
                            <font>font15</font>
                            <align>right</align>
                            <label>$VAR[ListRightLabel]</label>
                        </control>
                        <include content="OverlayList">
                            <param name="OverlayListTop" value="28" />
                            <param name="OverlayListWidth" value="1050" />
                        </include>
                    </focusedlayout>
                    <itemlayout height="120" width="860" condition="[Container.Content() | Container.Content(genres) | Container.Content(countries) | Container.Content(years) | Container.Content(studios) | Container.Content(actors) | Container.Content(directors) | Container.Content(tags) | Container.Content(playlists)] + !Window.IsActive(videoplaylist)">
                        <control type="image">
                            <top>10</top>
                            <left>10</left>
                            <width>100</width>
                            <height>100</height>
                            <aspectratio align="center" aligny="center">keep</aspectratio>
                            <texture background="true" fallback="DefaultFolder.png">$VAR[ListIcon]</texture>
                        </control>
                        <control type="label">
                            <top>3</top>
                            <left>140</left>
                            <right>75</right>
                            <height>110</height>
                            <font>font30</font>
                            <label>$VAR[ListMainLabelVar]</label>
                        </control>
                        <control type="label">
                            <right>75</right>
                            <height>118</height>
                            <font>font15</font>
                            <align>right</align>
                            <label>$VAR[ListRightLabel]</label>
                        </control>
                    </itemlayout>
                    <focusedlayout height="120" width="860" condition="[Container.Content() | Container.Content(genres) | Container.Content(countries) | Container.Content(years) | Container.Content(studios) | Container.Content(actors) | Container.Content(directors) | Container.Content(tags) | Container.Content(playlists)] + !Window.IsActive(videoplaylist)">
                        <include content="SelectedItemBackground">
                            <param name="Left" value="0" />
                            <param name="Top" value="0" />
                            <param name="Width" value="860" />
                            <param name="Height" value="120" />
                        </include>
                        <control type="image">
                            <width>120</width>
                            <height>120</height>
                            <texture>overlays/diffuse-overlay.png</texture>
                        </control>
                        <control type="image">
                            <top>10</top>
                            <left>10</left>
                            <width>100</width>
                            <height>100</height>
                            <aspectratio align="center" aligny="center">keep</aspectratio>
                            <texture background="true" fallback="DefaultFolder.png">$VAR[ListIcon]</texture>
                        </control>
                        <control type="label">
                            <top>3</top>
                            <left>140</left>
                            <right>75</right>
                            <height>110</height>
                            <font>font30</font>
                            <label>$VAR[ListMainLabelVar]</label>
                        </control>
                        <control type="label">
                            <right>75</right>
                            <height>118</height>
                            <font>font15</font>
                            <align>right</align>
                            <label>$VAR[ListRightLabel]</label>
                        </control>
                    </focusedlayout>
                </control>
            </control>
            <control type="group">
                <visible>Control.IsVisible(50)</visible>
                <top>180</top>
                <left>1730</left>
                <control type="group">
                    <visible>[$EXP[isMovie] | $EXP[isTvshow] | $EXP[isSeason] | $EXP[isSet]] + !String.Contains(Container.FolderPath,plugin.video) + !String.StartsWith(ListItem.Icon,Default)</visible>
                    <control type="image">
                        <width>560</width>
                        <height>840</height>
                        <aspectratio align="center" aligny="center">scale</aspectratio>
                        <texture background="true">$INFO[ListItem.Icon]</texture>
                        <fadetime>IconCrossfadeTime</fadetime>
                    </control>
                </control>
                <control type="group">
                    <visible>[![$EXP[isMovie] | $EXP[isTvshow] | $EXP[isSeason] | $EXP[isSet] | Container.Content(actors) | Window.IsActive(videoplaylist) | $EXP[isEpisode] | Container.Content(addons) | $EXP[isArtist] | $EXP[isAlbum] | $EXP[isSong] | $EXP[isMusicvideo] | Container.Content()] | [String.Contains(Container.FolderPath,plugin.video) + !$EXP[isEpisode] + !Container.Content()]] + !String.StartsWith(ListItem.Icon,Default)</visible>
                    <control type="image">
                        <width>560</width>
                        <height>840</height>
                        <aspectratio align="center" aligny="top">keep</aspectratio>
                        <texture background="true">$VAR[ListIcon]</texture>
                        <fadetime>IconCrossfadeTime</fadetime>
                    </control>
                </control>
                <control type="group">
                    <visible>[[Container.Content(addons) | $EXP[isArtist] | $EXP[isAlbum] | $EXP[isSong] | $EXP[isMusicvideo] | Container.Content(studios)] | String.StartsWith(ListItem.Icon,Default)] + ![Container.Content() | Container.Content(genres) | Container.Content(countries) | Container.Content(years) | Container.Content(studios) | Container.Content(actors) | Container.Content(directors) | Container.Content(tags) | Container.Content(playlists)]</visible>
                    <control type="image">
                        <visible>String.StartsWith(ListItem.Icon,Default) | Container.Content(countries)</visible>
                        <width>560</width>
                        <height>560</height>
                        <texture colordiffuse="33000000">selecteditem_bg.png</texture>
                    </control>
                    <control type="grouplist">
                        <itemgap>15</itemgap>
                        <control type="image">
                            <visible>!Container.Content(addons)</visible>
                            <width>560</width>
                            <height>560</height>
                            <aspectratio align="center" aligny="center">scale</aspectratio>
                            <texture background="true" fallback="DefaultFolder.png">$VAR[ThumbViewImage]</texture>
                            <fadetime>IconCrossfadeTime</fadetime>
                        </control>
                        <control type="image">
                            <visible>Container.Content(addons)</visible>
                            <width>560</width>
                            <height>560</height>
                            <aspectratio align="center" aligny="center">scale</aspectratio>
                            <texture background="true">$INFO[ListItem.Icon]</texture>
                            <fadetime>IconCrossfadeTime</fadetime>
                        </control>
                        <control type="label">
                            <visible>$EXP[isSong] + !String.IsEmpty(ListItem.Album)</visible>
                            <width>560</width>
                            <height>30</height>
                            <font>font14</font>
                            <textcolor>highlight</textcolor>
                            <label>$LOCALIZE[558]:</label>
                        </control>
                        <control type="label">
                            <visible>$EXP[isSong] + !String.IsEmpty(ListItem.Album)</visible>
                            <width>560</width>
                            <height>30</height>
                            <font>font14</font>
                            <label>$INFO[ListItem.Album]</label>
                        </control>
                        <control type="label">
                            <visible>$EXP[isSong] + !String.IsEmpty(ListItem.Year)</visible>
                            <width>560</width>
                            <height>30</height>
                            <font>font14</font>
                            <textcolor>highlight</textcolor>
                            <label>$LOCALIZE[562]:</label>
                        </control>
                        <control type="label">
                            <visible>$EXP[isSong] + !String.IsEmpty(ListItem.Year)</visible>
                            <width>560</width>
                            <height>30</height>
                            <font>font14</font>
                            <label>$INFO[ListItem.Year]</label>
                        </control>
                        <control type="label">
                            <visible>$EXP[isSong] + !String.IsEmpty(ListItem.Genre)</visible>
                            <width>560</width>
                            <height>30</height>
                            <font>font14</font>
                            <textcolor>highlight</textcolor>
                            <label>$LOCALIZE[515]:</label>
                        </control>
                        <control type="label">
                            <visible>$EXP[isSong] + !String.IsEmpty(ListItem.Genre)</visible>
                            <width>560</width>
                            <height>30</height>
                            <font>font14</font>
                            <label>$INFO[ListItem.Genre]</label>
                        </control>
                        <control type="textbox">
                            <visible>$EXP[isMusicvideo]</visible>
                            <description>Description</description>
                            <width>560</width>
                            <height>220</height>
                            <font>font14_textbox</font>
                            <label>$INFO[ListItem.Plot]</label>
                            <include>AutoscrollDefault</include>
                        </control>
                        <control type="textbox">
                            <visible>$EXP[isArtist] | $EXP[isAlbum]</visible>
                            <label>$VAR[MusicPlotVar]</label>
                            <width>560</width>
                            <height>275</height>
                            <font>font14_textbox</font>
                            <include>AutoscrollDefault</include>
                        </control>
                        <control type="textbox">
                            <visible>!String.IsEmpty(ListItem.AddonDescription)</visible>
                            <description>Description</description>
                            <width>560</width>
                            <height>275</height>
                            <font>font14_textbox</font>
                            <label>$INFO[ListItem.AddonDescription]</label>
                            <include>AutoscrollDefault</include>
                        </control>
                    </control>
                </control>
                <control type="group">
                    <visible>$EXP[isEpisode] + !String.StartsWith(ListItem.Icon,Default)</visible>
                    <control type="image">
                        <width>560</width>
                        <height>342</height>
                        <aspectratio align="center" aligny="center">scale</aspectratio>
                        <texture background="true">$INFO[ListItem.Icon]</texture>
                        <fadetime>IconCrossfadeTime</fadetime>
                        <visible>!String.IsEmpty(ListItem.Plot)</visible>
                    </control>
                    <control type="image">
                        <width>560</width>
                        <height>840</height>
                        <aspectratio align="center" aligny="top">keep</aspectratio>
                        <texture background="true">$INFO[ListItem.Icon]</texture>
                        <fadetime>IconCrossfadeTime</fadetime>
                        <visible>String.IsEmpty(ListItem.Plot)</visible>
                    </control>
                    <control type="textbox">
                        <label>$VAR[VideoPlotVar]</label>
                        <top>370</top>
                        <width>540</width>
                        <height>450</height>
                        <font>font14_textbox</font>
                        <include>AutoscrollDefault</include>
                        <visible>!String.IsEmpty(ListItem.Plot)</visible>
                    </control>
                </control>
            </control>
        </control>
        <control type="group">
            <visible>Control.IsVisible(50) + !$EXP[isInfoDialog]</visible>
            <include>Scrollbar_Vertical</include>
        </control>
    </include>
</includes>