<?xml version="1.0" encoding="UTF-8"?>
<includes>
    <include name="View_502_Logo">
        <control type="group">
            <visible>Control.IsVisible(502) + !$EXP[isInfoDialog]</visible>
            <include>Animation.Common</include>
            <top>155</top>
            <left>606</left>
            <control type="panel" id="502">
                <visible>[Container.Content(movies) | Container.Content(tvshows)] + !$EXP[isPlugin]</visible>
                <width>1696</width>
                <height>890</height>
                <onleft>9000</onleft>
                <onright condition="Container(502).HasPrevious | Container(502).HasNext">60</onright>
                <onright condition="!Container(502).HasNext + !Container(502).HasPrevious">SetProperty(MediaMenu,true,home)</onright>
                <onright condition="!Container(502).HasNext + !Container(502).HasPrevious">SetFocus(9050)</onright>
                <onup>502</onup>
                <ondown>502</ondown>
                <pagecontrol>60</pagecontrol>
                <preloaditems>2</preloaditems>
                <viewtype label="31088">Icon</viewtype>
                <scrolltime tween="quadratic" easing="out">300</scrolltime>
                <itemlayout height="296" width="424">
                    <control type="image">
                        <top>20</top>
                        <left>20</left>
                        <right>20</right>
                        <height>216</height>
                        <texture>overlays/diffuse-overlay.png</texture>
                    </control>
                    <control type="label">
                        <left>20</left>
                        <width>384</width>
                        <top>234</top>
                        <height>50</height>
                        <label>$INFO[ListItem.Label]</label>
                    </control>
                    <control type="image">
                        <visible>!String.IsEmpty(ListItem.Art(clearlogo))</visible>
                        <left>40</left>
                        <top>40</top>
                        <width>344</width>
                        <height>176</height>
                        <aspectratio align="center" aligny="center">keep</aspectratio>
                        <texture background="true">$INFO[ListItem.Art(clearlogo)]</texture>
                    </control>
                    <control type="image">
                        <visible>String.IsEmpty(ListItem.Art(clearlogo))</visible>
                        <left>20</left>
                        <top>20</top>
                        <width>384</width>
                        <height>216</height>
                        <aspectratio align="center" aligny="center">scale</aspectratio>
                        <texture background="true">$INFO[ListItem.Art(fanart)]</texture>
                    </control>
                    <include content="OverlayIcons">
                        <param name="OverlayLeft" value="345" />
                        <param name="OverlayTop" value="20" />
                    </include>
                </itemlayout>
                <focusedlayout height="296" width="424">
                    <include content="SelectedItemBackground">
                        <param name="Left" value="10" />
                        <param name="Top" value="10" />
                        <param name="Width" value="404" />
                        <param name="Height" value="276" />
                    </include>
                    <control type="image">
                        <top>20</top>
                        <left>20</left>
                        <right>20</right>
                        <height>216</height>
                        <texture>overlays/diffuse-overlay.png</texture>
                    </control>
                    <control type="label">
                        <left>20</left>
                        <width>384</width>
                        <top>234</top>
                        <height>50</height>
                        <label>$INFO[ListItem.Label]</label>
                    </control>
                    <control type="image">
                        <visible>!String.IsEmpty(ListItem.Art(clearlogo))</visible>
                        <left>40</left>
                        <top>40</top>
                        <width>344</width>
                        <height>176</height>
                        <aspectratio align="center" aligny="center">keep</aspectratio>
                        <texture background="true">$INFO[ListItem.Art(clearlogo)]</texture>
                    </control>
                    <control type="image">
                        <visible>String.IsEmpty(ListItem.Art(clearlogo))</visible>
                        <left>20</left>
                        <top>20</top>
                        <width>384</width>
                        <height>216</height>
                        <aspectratio align="center" aligny="center">scale</aspectratio>
                        <texture background="true">$INFO[ListItem.Art(fanart)]</texture>
                    </control>
                    <include content="OverlayIcons">
                        <param name="OverlayLeft" value="345" />
                        <param name="OverlayTop" value="20" />
                    </include>
                </focusedlayout>
            </control>
        </control>
        <control type="group">
            <visible>Control.IsVisible(502) + !$EXP[isInfoDialog]</visible>
            <include>Scrollbar_Vertical</include>
        </control>
    </include>
</includes>