<?xml version="1.0" encoding="UTF-8"?>
<includes>
    <include name="View_51_Fanart">
        <control type="group">
            <visible>Control.IsVisible(51) + !$EXP[isInfoDialog]</visible>
            <include>Animation.Common</include>
            <control type="group">
                <left>150</left>
                <top>0</top>
                <control type="panel" id="51">
                    <visible>Container.Content(movies) | Container.Content(tvshows) | Container.Content(artists)</visible>
                    <top>180</top>
                    <left>470</left>
                    <width>800</width>
                    <height>840</height>
                    <onleft>9000</onleft>
                    <onright condition="Container(51).HasNext | Container(51).HasPrevious">60</onright>
                    <onright condition="!Container(51).HasNext + !Container(51).HasPrevious">SetProperty(MediaMenu,true,home)</onright>
                    <onright condition="!Container(51).HasNext + !Container(51).HasPrevious">SetFocus(9050)</onright>
                    <onup>51</onup>
                    <ondown>51</ondown>
                    <viewtype label="20445">list</viewtype>
                    <pagecontrol>60</pagecontrol>
                    <preloaditems>2</preloaditems>
                    <scrolltime tween="quadratic" easing="out">300</scrolltime>
                    <itemlayout height="120" width="800" condition="Container.Content(movies) | Container.Content(tvshows)">
                        <control type="image">
                            <top>10</top>
                            <left>10</left>
                            <width>67</width>
                            <height>100</height>
                            <aspectratio align="center" aligny="center">scale</aspectratio>
                            <texture background="true" fallback="DefaultFallback.png">$VAR[ListIcon]</texture>
                        </control>
                        <control type="label">
                            <visible>ListItem.IsPlaying + !Player.Paused</visible>
                            <left>107</left>
                            <top>3</top>
                            <width>35</width>
                            <height>70</height>
                            <font>IconTiny</font>
                            <label>I</label>
                        </control>
                        <control type="label">
                            <visible>ListItem.IsPlaying + Player.Paused</visible>
                            <left>107</left>
                            <top>4</top>
                            <width>35</width>
                            <height>70</height>
                            <font>IconTiny</font>
                            <label>K</label>
                        </control>
                        <control type="label">
                            <visible>!ListItem.IsPlaying</visible>
                            <top>3</top>
                            <left>107</left>
                            <right>80</right>
                            <height>70</height>
                            <font>font30</font>
                            <label>$VAR[ListMainLabelVar]</label>
                        </control>
                        <control type="label">
                            <visible>ListItem.IsPlaying</visible>
                            <top>3</top>
                            <left>142</left>
                            <right>80</right>
                            <height>70</height>
                            <font>font30</font>
                            <label>$VAR[ListMainLabelVar]</label>
                        </control>
                        <control type="label">
                            <left>107</left>
                            <top>52</top>
                            <right>80</right>
                            <height>60</height>
                            <label>$VAR[ListSubLabelVar]</label>
                        </control>
                        <include content="OverlayList">
                            <param name="OverlayListTop" value="28" />
                            <param name="OverlayListWidth" value="800" />
                        </include>
                    </itemlayout>
                    <focusedlayout height="120" width="800" condition="Container.Content(movies) | Container.Content(tvshows)">
                        <include content="SelectedItemBackground">
                            <param name="Left" value="0" />
                            <param name="Top" value="0" />
                            <param name="Width" value="800" />
                            <param name="Height" value="120" />
                        </include>
                        <control type="image">
                            <width>87</width>
                            <height>120</height>
                            <texture>overlays/diffuse-overlay.png</texture>
                        </control>
                        <control type="image">
                            <top>10</top>
                            <left>10</left>
                            <width>67</width>
                            <height>100</height>
                            <aspectratio align="center" aligny="center">scale</aspectratio>
                            <texture background="true" fallback="DefaultFallback.png">$VAR[ListIcon]</texture>
                        </control>
                        <control type="label">
                            <visible>ListItem.IsPlaying + !Player.Paused</visible>
                            <left>107</left>
                            <top>3</top>
                            <width>35</width>
                            <height>70</height>
                            <font>IconTiny</font>
                            <label>I</label>
                        </control>
                        <control type="label">
                            <visible>ListItem.IsPlaying + Player.Paused</visible>
                            <left>107</left>
                            <top>4</top>
                            <width>35</width>
                            <height>70</height>
                            <font>IconTiny</font>
                            <label>K</label>
                        </control>
                        <control type="label">
                            <visible>!ListItem.IsPlaying</visible>
                            <top>3</top>
                            <left>107</left>
                            <right>80</right>
                            <height>70</height>
                            <font>font30</font>
                            <label>$VAR[ListMainLabelVar]</label>
                        </control>
                        <control type="label">
                            <visible>ListItem.IsPlaying</visible>
                            <top>3</top>
                            <left>142</left>
                            <right>80</right>
                            <height>70</height>
                            <font>font30</font>
                            <label>$VAR[ListMainLabelVar]</label>
                        </control>
                        <control type="label">
                            <left>107</left>
                            <top>52</top>
                            <right>80</right>
                            <height>60</height>
                            <label>$VAR[ListSubLabelVar]</label>
                        </control>
                        <include content="OverlayList">
                            <param name="OverlayListTop" value="28" />
                            <param name="OverlayListWidth" value="800" />
                        </include>
                    </focusedlayout>
                    <itemlayout height="120" width="800" condition="Container.Content(artists)">
                        <control type="image">
                            <top>10</top>
                            <left>10</left>
                            <width>100</width>
                            <height>100</height>
                            <aspectratio align="center" aligny="center">scale</aspectratio>
                            <texture background="true" fallback="DefaultFallback.png">$VAR[ListIcon]</texture>
                        </control>
                        <control type="label">
                            <top>3</top>
                            <left>140</left>
                            <right>20</right>
                            <height>70</height>
                            <font>font30</font>
                            <label>$VAR[ListMainLabelVar]</label>
                        </control>
                        <control type="label">
                            <left>140</left>
                            <top>52</top>
                            <right>20</right>
                            <height>60</height>
                            <label>$VAR[ListSubLabelVar]</label>
                        </control>
                    </itemlayout>
                    <focusedlayout height="120" width="800" condition="Container.Content(artists)">
                        <include content="SelectedItemBackground">
                            <param name="Left" value="0" />
                            <param name="Top" value="0" />
                            <param name="Width" value="800" />
                            <param name="Height" value="120" />
                        </include>
                        <control type="image">
                            <width>120</width>
                            <height>120</height>
                            <texture>overlays/diffuse-overlay.png</texture>
                        </control>
                        <control type="image">
                            <top>10</top>
                            <left>10</left>
                            <width>100</width>
                            <height>100</height>
                            <aspectratio align="center" aligny="center">scale</aspectratio>
                            <texture background="true" fallback="DefaultFallback.png">$VAR[ListIcon]</texture>
                        </control>
                        <control type="label">
                            <top>3</top>
                            <left>140</left>
                            <right>20</right>
                            <height>70</height>
                            <font>font30</font>
                            <label>$VAR[ListMainLabelVar]</label>
                        </control>
                        <control type="label">
                            <left>140</left>
                            <top>52</top>
                            <right>20</right>
                            <height>60</height>
                            <label>$VAR[ListSubLabelVar]</label>
                        </control>
                    </focusedlayout>
                </control>
            </control>
            <control type="group">
                <visible>Control.IsVisible(51)</visible>
                <top>180</top>
                <left>1480</left>
                <control type="group">
                    <control type="image">
                        <width>810</width>
                        <height>456</height>
                        <texture>overlays/diffuse-overlay.png</texture>
                    </control>
                    <control type="image">
                        <width>810</width>
                        <height>456</height>
                        <aspectratio align="center" aligny="center">scale</aspectratio>
                        <texture background="true">$INFO[ListItem.Art(fanart)]</texture>
                        <fadetime>IconCrossfadeTime</fadetime>
                    </control>
                    <control type="textbox">
                        <label>$VAR[VideoPlotVar]</label>
                        <top>505</top>
                        <width>810</width>
                        <height>330</height>
                        <font>font14_textbox</font>
                        <include>AutoscrollDefault</include>
                        <visible>!String.IsEmpty(ListItem.Plot)</visible>
                    </control>
                    <control type="textbox">
                        <label>$INFO[ListItem.Property(Artist_Description)]</label>
                        <top>500</top>
                        <width>810</width>
                        <height>330</height>
                        <font>font14_textbox</font>
                        <include>AutoscrollDefault</include>
                        <visible>!String.IsEmpty(ListItem.Property(Artist_Description))</visible>
                    </control>
                </control>
            </control>
        </control>
        <control type="group">
            <visible>Control.IsVisible(51) + !$EXP[isInfoDialog]</visible>
            <include>Scrollbar_Vertical</include>
        </control>
    </include>
</includes>