<?xml version="1.0" encoding="UTF-8"?>
<fonts>
    <!--********************************
    ************************************
    *****     DEFAULT 
    ************************************
    *********************************-->
    <fontset id="Default" idloc="31390">
        <font>
            <name>font10</name>
            <filename>weblysleekuil.ttf</filename>
            <size>21</size>
        </font>
        <font>
            <name>font12</name>
            <filename>weblysleekuil.ttf</filename>
            <size>26</size>
        </font>
        <font>
            <name>font13</name>
            <filename>weblysleekuil.ttf</filename>
            <size>30</size>
        </font>
        <font>
            <name>font_Actor</name>
            <filename>weblysleekuil.ttf</filename>
            <size>30</size>
            <linespacing>1.0</linespacing>
        </font>
        <font>
            <name>font13_textbox</name>
            <filename>weblysleekuil.ttf</filename>
            <size>30</size>
            <linespacing>1.0</linespacing>
        </font>
        <font>
            <name>font13_widget</name>
            <filename>weblysleekuil.ttf</filename>
            <size>30</size>
            <linespacing>1.0</linespacing>
        </font>
        <font>
            <name>font14</name>
            <filename>weblysleekuil.ttf</filename>
            <size>33</size>
        </font>
        <font>
            <name>font14_textbox</name>
            <filename>weblysleekuil.ttf</filename>
            <size>33</size>
            <linespacing>1.25</linespacing>
        </font>
        <font>
            <name>font_TextViewer</name>
            <filename>weblysleekuil.ttf</filename>
            <size>33</size>
            <linespacing>1.25</linespacing>
        </font>
        <font>
            <name>font15</name>
            <filename>weblysleekuil.ttf</filename>
            <size>35</size>
        </font>
        <font>
            <name>font15_textbox</name>
            <filename>weblysleekuil.ttf</filename>
            <size>35</size>
            <linespacing>1.25</linespacing>
        </font>
        <font>
            <name>font16</name>
            <filename>weblysleekuil.ttf</filename>
            <size>38</size>
        </font>
        <font>
            <name>font30</name>
            <filename>weblysleekuil.ttf</filename>
            <size>45</size>
        </font>
        <font>
            <name>font36</name>
            <filename>weblysleekuil.ttf</filename>
            <size>55</size>
        </font>
        <font>
            <name>font12_title</name>
            <filename>weblysleekuil.ttf</filename>
            <size>30</size>
        </font>
        <font>
            <name>font13_title</name>
            <filename>weblysleekuil.ttf</filename>
            <size>33</size>
        </font>
        <font>
            <name>font15_title</name>
            <filename>weblysleekuil.ttf</filename>
            <size>35</size>
        </font>
        <font>
            <name>font35_title</name>
            <filename>weblysleekuil.ttf</filename>
            <size>52</size>
        </font>
        <font>
            <name>font_MainMenu</name>
            <filename>weblysleekuil.ttf</filename>
            <linespacing>0</linespacing>
            <size>55</size>
        </font>
        <font>
            <name>font_SubMenu</name>
            <filename>weblysleekuil.ttf</filename>
            <linespacing>0</linespacing>
            <size>40</size>
        </font>
        <font>
            <name>BigAssFont</name>
            <filename>weblysleekuil.ttf</filename>
            <size>600</size>
        </font>
        <font>
            <name>WeatherTemp</name>
            <filename>weblysleekuil.ttf</filename>
            <size>120</size>
        </font>
        <include>CommonFonts</include>
    </fontset>
    <!--********************************
    ************************************
    *****     ARIAL
    ************************************
    *********************************-->
    <fontset id="Arial" idloc="31948">
        <font>
            <name>font10</name>
            <filename>arial.ttf</filename>
            <size>17</size>
        </font>
        <font>
            <name>font12</name>
            <filename>arial.ttf</filename>
            <size>22</size>
        </font>
        <font>
            <name>font13</name>
            <filename>arial.ttf</filename>
            <size>26</size>
        </font>
        <font>
            <name>font_Actor</name>
            <filename>arial.ttf</filename>
            <size>26</size>
            <linespacing>1.4</linespacing>
        </font>
        <font>
            <name>font13_textbox</name>
            <filename>arial.ttf</filename>
            <size>26</size>
            <linespacing>1.27</linespacing>
        </font>
        <font>
            <name>font13_widget</name>
            <filename>arial.ttf</filename>
            <size>26</size>
            <linespacing>1.36</linespacing>
        </font>
        <font>
            <name>font14</name>
            <filename>arial.ttf</filename>
            <size>29</size>
        </font>
        <font>
            <name>font14_textbox</name>
            <filename>arial.ttf</filename>
            <size>29</size>
            <linespacing>1.62</linespacing>
        </font>
        <font>
            <name>font_TextViewer</name>
            <filename>arial.ttf</filename>
            <size>29</size>
            <linespacing>1.65</linespacing>
        </font>
        <font>
            <name>font15</name>
            <filename>arial.ttf</filename>
            <size>31</size>
        </font>
        <font>
            <name>font15_textbox</name>
            <filename>arial.ttf</filename>
            <size>31</size>
            <linespacing>1.60</linespacing>
        </font>
        <font>
            <name>font16</name>
            <filename>arial.ttf</filename>
            <size>34</size>
        </font>
        <font>
            <name>font30</name>
            <filename>arial.ttf</filename>
            <size>41</size>
        </font>
        <font>
            <name>font36</name>
            <filename>arial.ttf</filename>
            <size>51</size>
        </font>
        <font>
            <name>font12_title</name>
            <filename>arial.ttf</filename>
            <size>26</size>
        </font>
        <font>
            <name>font13_title</name>
            <filename>arial.ttf</filename>
            <size>29</size>
        </font>
        <font>
            <name>font15_title</name>
            <filename>arial.ttf</filename>
            <size>31</size>
        </font>
        <font>
            <name>font35_title</name>
            <filename>arial.ttf</filename>
            <size>48</size>
        </font>
        <font>
            <name>font_MainMenu</name>
            <filename>arial.ttf</filename>
            <linespacing>0</linespacing>
            <size>51</size>
        </font>
        <font>
            <name>font_SubMenu</name>
            <filename>arial.ttf</filename>
            <linespacing>0</linespacing>
            <size>36</size>
        </font>
        <font>
            <name>BigAssFont</name>
            <filename>arial.ttf</filename>
            <size>580</size>
        </font>
        <font>
            <name>WeatherTemp</name>
            <filename>arial.ttf</filename>
            <size>110</size>
        </font>
        <include>CommonFonts</include>
    </fontset>
    <!--********************************
    ************************************
    *****     ASSISTANT 
    ************************************
    *********************************-->
    <fontset id="Assistant" idloc="31264">
        <font>
            <name>font10</name>
            <filename>Assistant-Light.ttf</filename>
            <size>23</size>
        </font>
        <font>
            <name>font12</name>
            <filename>Assistant-Light.ttf</filename>
            <size>28</size>
        </font>
        <font>
            <name>font13</name>
            <filename>Assistant-Light.ttf</filename>
            <size>30</size>
        </font>
        <font>
            <name>font_Actor</name>
            <filename>Assistant-Light.ttf</filename>
            <size>30</size>
            <linespacing>1.2</linespacing>
        </font>
        <font>
            <name>font13_textbox</name>
            <filename>Assistant-Light.ttf</filename>
            <size>30</size>
            <linespacing>1.1</linespacing>
        </font>
        <font>
            <name>font13_widget</name>
            <filename>Assistant-Light.ttf</filename>
            <size>30</size>
            <linespacing>1.15</linespacing>
        </font>
        <font>
            <name>font14</name>
            <filename>Assistant-Light.ttf</filename>
            <size>35</size>
        </font>
        <font>
            <name>font14_textbox</name>
            <filename>Assistant-Light.ttf</filename>
            <size>35</size>
            <linespacing>1.32</linespacing>
        </font>
        <font>
            <name>font_TextViewer</name>
            <filename>Assistant-Light.ttf</filename>
            <size>35</size>
            <linespacing>1.45</linespacing>
        </font>
        <font>
            <name>font15</name>
            <filename>Assistant-Light.ttf</filename>
            <size>37</size>
        </font>
        <font>
            <name>font15_textbox</name>
            <filename>Assistant-Light.ttf</filename>
            <size>37</size>
            <linespacing>1.35</linespacing>
        </font>
        <font>
            <name>font16</name>
            <filename>Assistant-Light.ttf</filename>
            <size>40</size>
        </font>
        <font>
            <name>font30</name>
            <filename>Assistant-Light.ttf</filename>
            <size>47</size>
        </font>
        <font>
            <name>font36</name>
            <filename>Assistant-Light.ttf</filename>
            <size>57</size>
        </font>
        <font>
            <name>font12_title</name>
            <filename>Assistant-Light.ttf</filename>
            <size>32</size>
        </font>
        <font>
            <name>font13_title</name>
            <filename>Assistant-Light.ttf</filename>
            <size>35</size>
        </font>
        <font>
            <name>font15_title</name>
            <filename>Assistant-Light.ttf</filename>
            <size>37</size>
        </font>
        <font>
            <name>font35_title</name>
            <filename>Assistant-Light.ttf</filename>
            <size>54</size>
        </font>
        <font>
            <name>font_MainMenu</name>
            <filename>Assistant-Light.ttf</filename>
            <linespacing>0</linespacing>
            <size>57</size>
        </font>
        <font>
            <name>font_SubMenu</name>
            <filename>Assistant-Light.ttf</filename>
            <linespacing>0</linespacing>
            <size>42</size>
        </font>
        <font>
            <name>BigAssFont</name>
            <filename>Assistant-Light.ttf</filename>
            <size>600</size>
        </font>
        <font>
            <name>WeatherTemp</name>
            <filename>Assistant-Light.ttf</filename>
            <size>120</size>
        </font>
        <include>CommonFonts</include>
    </fontset>
    <!--********************************
    ************************************
    *****     CATAMARAN
    ************************************
    *********************************-->
    <fontset id="Catamaran" idloc="31122">
        <font>
            <name>font10</name>
            <filename>Catamaran-ExtraLight.ttf</filename>
            <size>21</size>
        </font>
        <font>
            <name>font12</name>
            <filename>Catamaran-ExtraLight.ttf</filename>
            <size>26</size>
        </font>
        <font>
            <name>font13</name>
            <filename>Catamaran-ExtraLight.ttf</filename>
            <size>30</size>
        </font>
        <font>
            <name>font_Actor</name>
            <filename>Catamaran-ExtraLight.ttf</filename>
            <size>30</size>
            <linespacing>0.77</linespacing>
        </font>
        <font>
            <name>font13_textbox</name>
            <filename>Catamaran-ExtraLight.ttf</filename>
            <size>30</size>
            <linespacing>0.77</linespacing>
        </font>
        <font>
            <name>font13_widget</name>
            <filename>Catamaran-ExtraLight.ttf</filename>
            <size>30</size>
            <linespacing>0.8</linespacing>
        </font>
        <font>
            <name>font14</name>
            <filename>Catamaran-ExtraLight.ttf</filename>
            <size>33</size>
        </font>
        <font>
            <name>font14_textbox</name>
            <filename>Catamaran-ExtraLight.ttf</filename>
            <size>33</size>
            <linespacing>1.0</linespacing>
        </font>
        <font>
            <name>font_TextViewer</name>
            <filename>Catamaran-ExtraLight.ttf</filename>
            <size>33</size>
            <linespacing>1.23</linespacing>
        </font>
        <font>
            <name>font15</name>
            <filename>Catamaran-ExtraLight.ttf</filename>
            <size>35</size>
        </font>
        <font>
            <name>font15_textbox</name>
            <filename>Catamaran-ExtraLight.ttf</filename>
            <size>35</size>
            <linespacing>1.0</linespacing>
        </font>
        <font>
            <name>font16</name>
            <filename>Catamaran-ExtraLight.ttf</filename>
            <size>38</size>
        </font>
        <font>
            <name>font30</name>
            <filename>Catamaran-ExtraLight.ttf</filename>
            <size>45</size>
        </font>
        <font>
            <name>font36</name>
            <filename>Catamaran-ExtraLight.ttf</filename>
            <size>55</size>
        </font>
        <font>
            <name>font12_title</name>
            <filename>Catamaran-ExtraLight.ttf</filename>
            <size>30</size>
        </font>
        <font>
            <name>font13_title</name>
            <filename>Catamaran-ExtraLight.ttf</filename>
            <size>33</size>
        </font>
        <font>
            <name>font15_title</name>
            <filename>Catamaran-ExtraLight.ttf</filename>
            <size>35</size>
        </font>
        <font>
            <name>font35_title</name>
            <filename>Catamaran-ExtraLight.ttf</filename>
            <size>52</size>
        </font>
        <font>
            <name>font_MainMenu</name>
            <filename>Catamaran-ExtraLight.ttf</filename>
            <linespacing>0</linespacing>
            <size>55</size>
        </font>
        <font>
            <name>font_SubMenu</name>
            <filename>Catamaran-ExtraLight.ttf</filename>
            <linespacing>0</linespacing>
            <size>40</size>
        </font>
        <font>
            <name>BigAssFont</name>
            <filename>Catamaran-ExtraLight.ttf</filename>
            <size>600</size>
        </font>
        <font>
            <name>WeatherTemp</name>
            <filename>Catamaran-ExtraLight.ttf</filename>
            <size>120</size>
        </font>
        <include>CommonFonts</include>
    </fontset>
    <!--********************************
    ************************************
    *****     CHANGA
    ************************************
    *********************************-->
    <fontset id="Changa" idloc="31139">
        <font>
            <name>font10</name>
            <filename>Changa-ExtraLight.ttf</filename>
            <size>23</size>
        </font>
        <font>
            <name>font12</name>
            <filename>Changa-ExtraLight.ttf</filename>
            <size>28</size>
        </font>
        <font>
            <name>font13</name>
            <filename>Changa-ExtraLight.ttf</filename>
            <size>32</size>
        </font>
        <font>
            <name>font_Actor</name>
            <filename>Changa-ExtraLight.ttf</filename>
            <size>32</size>
            <linespacing>0.66</linespacing>
        </font>
        <font>
            <name>font13_textbox</name>
            <filename>Changa-ExtraLight.ttf</filename>
            <size>32</size>
            <linespacing>0.66</linespacing>
        </font>
        <font>
            <name>font13_widget</name>
            <filename>Changa-ExtraLight.ttf</filename>
            <size>32</size>
            <linespacing>0.66</linespacing>
        </font>
        <font>
            <name>font14</name>
            <filename>Changa-ExtraLight.ttf</filename>
            <size>35</size>
        </font>
        <font>
            <name>font14_textbox</name>
            <filename>Changa-ExtraLight.ttf</filename>
            <size>35</size>
            <linespacing>0.85</linespacing>
        </font>
        <font>
            <name>font_TextViewer</name>
            <filename>Changa-ExtraLight.ttf</filename>
            <size>35</size>
            <linespacing>0.94</linespacing>
        </font>
        <font>
            <name>font15</name>
            <filename>Changa-ExtraLight.ttf</filename>
            <size>37</size>
        </font>
        <font>
            <name>font15_textbox</name>
            <filename>Changa-ExtraLight.ttf</filename>
            <size>37</size>
            <linespacing>0.84</linespacing>
        </font>
        <font>
            <name>font16</name>
            <filename>Changa-ExtraLight.ttf</filename>
            <size>40</size>
        </font>
        <font>
            <name>font30</name>
            <filename>Changa-ExtraLight.ttf</filename>
            <size>47</size>
        </font>
        <font>
            <name>font36</name>
            <filename>Changa-ExtraLight.ttf</filename>
            <size>57</size>
        </font>
        <font>
            <name>font12_title</name>
            <filename>Changa-ExtraLight.ttf</filename>
            <size>32</size>
        </font>
        <font>
            <name>font13_title</name>
            <filename>Changa-ExtraLight.ttf</filename>
            <size>35</size>
        </font>
        <font>
            <name>font15_title</name>
            <filename>Changa-ExtraLight.ttf</filename>
            <size>37</size>
        </font>
        <font>
            <name>font35_title</name>
            <filename>Changa-ExtraLight.ttf</filename>
            <size>54</size>
        </font>
        <font>
            <name>font_MainMenu</name>
            <filename>Changa-ExtraLight.ttf</filename>
            <linespacing>0</linespacing>
            <size>57</size>
        </font>
        <font>
            <name>font_SubMenu</name>
            <filename>Changa-ExtraLight.ttf</filename>
            <linespacing>0</linespacing>
            <size>42</size>
        </font>
        <font>
            <name>BigAssFont</name>
            <filename>Changa-ExtraLight.ttf</filename>
            <size>600</size>
        </font>
        <font>
            <name>WeatherTemp</name>
            <filename>Changa-ExtraLight.ttf</filename>
            <size>120</size>
        </font>
        <include>CommonFonts</include>
    </fontset>
    <!--********************************
    ************************************
    *****     JALDI
    ************************************
    *********************************-->
    <fontset id="Jaldi" idloc="31077">
        <font>
            <name>font10</name>
            <filename>Jaldi-Regular.ttf</filename>
            <size>23</size>
        </font>
        <font>
            <name>font12</name>
            <filename>Jaldi-Regular.ttf</filename>
            <size>28</size>
        </font>
        <font>
            <name>font13</name>
            <filename>Jaldi-Regular.ttf</filename>
            <size>32</size>
        </font>
        <font>
            <name>font_Actor</name>
            <filename>Jaldi-Regular.ttf</filename>
            <size>32</size>
            <linespacing>0.78</linespacing>
        </font>
        <font>
            <name>font13_textbox</name>
            <filename>Jaldi-Regular.ttf</filename>
            <size>32</size>
            <linespacing>0.78</linespacing>
        </font>
        <font>
            <name>font13_widget</name>
            <filename>Jaldi-Regular.ttf</filename>
            <size>32</size>
            <linespacing>0.74</linespacing>
        </font>
        <font>
            <name>font14</name>
            <filename>Jaldi-Regular.ttf</filename>
            <size>35</size>
        </font>
        <font>
            <name>font14_textbox</name>
            <filename>Jaldi-Regular.ttf</filename>
            <size>35</size>
            <linespacing>0.92</linespacing>
        </font>
        <font>
            <name>font_TextViewer</name>
            <filename>Jaldi-Regular.ttf</filename>
            <size>35</size>
            <linespacing>1.02</linespacing>
        </font>
        <font>
            <name>font15</name>
            <filename>Jaldi-Regular.ttf</filename>
            <size>37</size>
        </font>
        <font>
            <name>font15_textbox</name>
            <filename>Jaldi-Regular.ttf</filename>
            <size>37</size>
            <linespacing>0.92</linespacing>
        </font>
        <font>
            <name>font16</name>
            <filename>Jaldi-Regular.ttf</filename>
            <size>40</size>
        </font>
        <font>
            <name>font30</name>
            <filename>Jaldi-Regular.ttf</filename>
            <size>47</size>
        </font>
        <font>
            <name>font36</name>
            <filename>Jaldi-Regular.ttf</filename>
            <size>57</size>
        </font>
        <font>
            <name>font12_title</name>
            <filename>Jaldi-Regular.ttf</filename>
            <size>32</size>
        </font>
        <font>
            <name>font13_title</name>
            <filename>Jaldi-Regular.ttf</filename>
            <size>35</size>
        </font>
        <font>
            <name>font15_title</name>
            <filename>Jaldi-Regular.ttf</filename>
            <size>37</size>
        </font>
        <font>
            <name>font35_title</name>
            <filename>Jaldi-Regular.ttf</filename>
            <size>54</size>
        </font>
        <font>
            <name>font_MainMenu</name>
            <filename>Jaldi-Regular.ttf</filename>
            <linespacing>0</linespacing>
            <size>57</size>
        </font>
        <font>
            <name>font_SubMenu</name>
            <filename>Jaldi-Regular.ttf</filename>
            <linespacing>0</linespacing>
            <size>42</size>
        </font>
        <font>
            <name>BigAssFont</name>
            <filename>Jaldi-Regular.ttf</filename>
            <size>600</size>
        </font>
        <font>
            <name>WeatherTemp</name>
            <filename>Jaldi-Regular.ttf</filename>
            <size>120</size>
        </font>
        <include>CommonFonts</include>
    </fontset>
    <!--********************************
    ************************************
    *****     KANIT
    ************************************
    *********************************-->
    <fontset id="Kanit" idloc="31262">
        <font>
            <name>font10</name>
            <filename>Kanit-ExtraLight.ttf</filename>
            <size>21</size>
        </font>
        <font>
            <name>font12</name>
            <filename>Kanit-ExtraLight.ttf</filename>
            <size>26</size>
        </font>
        <font>
            <name>font13</name>
            <filename>Kanit-ExtraLight.ttf</filename>
            <size>30</size>
        </font>
        <font>
            <name>font_Actor</name>
            <filename>Kanit-ExtraLight.ttf</filename>
            <size>30</size>
            <linespacing>1.0</linespacing>
        </font>
        <font>
            <name>font13_textbox</name>
            <filename>Kanit-ExtraLight.ttf</filename>
            <size>30</size>
            <linespacing>1.0</linespacing>
        </font>
        <font>
            <name>font13_widget</name>
            <filename>Kanit-ExtraLight.ttf</filename>
            <size>30</size>
            <linespacing>0.9</linespacing>
        </font>
        <font>
            <name>font14</name>
            <filename>Kanit-ExtraLight.ttf</filename>
            <size>33</size>
        </font>
        <font>
            <name>font14_textbox</name>
            <filename>Kanit-ExtraLight.ttf</filename>
            <size>33</size>
            <linespacing>1.13</linespacing>
        </font>
        <font>
            <name>font_TextViewer</name>
            <filename>Kanit-ExtraLight.ttf</filename>
            <size>33</size>
            <linespacing>1.25</linespacing>
        </font>
        <font>
            <name>font15</name>
            <filename>Kanit-ExtraLight.ttf</filename>
            <size>35</size>
        </font>
        <font>
            <name>font15_textbox</name>
            <filename>Kanit-ExtraLight.ttf</filename>
            <size>35</size>
            <linespacing>1.10</linespacing>
        </font>
        <font>
            <name>font16</name>
            <filename>Kanit-ExtraLight.ttf</filename>
            <size>38</size>
        </font>
        <font>
            <name>font30</name>
            <filename>Kanit-ExtraLight.ttf</filename>
            <size>45</size>
        </font>
        <font>
            <name>font36</name>
            <filename>Kanit-ExtraLight.ttf</filename>
            <size>55</size>
        </font>
        <font>
            <name>font12_title</name>
            <filename>Kanit-ExtraLight.ttf</filename>
            <size>30</size>
        </font>
        <font>
            <name>font13_title</name>
            <filename>Kanit-ExtraLight.ttf</filename>
            <size>33</size>
        </font>
        <font>
            <name>font15_title</name>
            <filename>Kanit-ExtraLight.ttf</filename>
            <size>35</size>
        </font>
        <font>
            <name>font35_title</name>
            <filename>Kanit-ExtraLight.ttf</filename>
            <size>52</size>
        </font>
        <font>
            <name>font_MainMenu</name>
            <filename>Kanit-ExtraLight.ttf</filename>
            <linespacing>0</linespacing>
            <size>55</size>
        </font>
        <font>
            <name>font_SubMenu</name>
            <filename>Kanit-ExtraLight.ttf</filename>
            <linespacing>0</linespacing>
            <size>40</size>
        </font>
        <font>
            <name>BigAssFont</name>
            <filename>Kanit-ExtraLight.ttf</filename>
            <size>600</size>
        </font>
        <font>
            <name>WeatherTemp</name>
            <filename>Kanit-ExtraLight.ttf</filename>
            <size>120</size>
        </font>
        <include>CommonFonts</include>
    </fontset>
    <!--********************************
    ************************************
    *****     NOTOSANS 
    ************************************
    *********************************-->
    <fontset id="NotoSans" idloc="31117">
        <font>
            <name>font10</name>
            <filename>NotoSans-Regular.ttf</filename>
            <size>18</size>
        </font>
        <font>
            <name>font12</name>
            <filename>NotoSans-Regular.ttf</filename>
            <size>23</size>
        </font>
        <font>
            <name>font13</name>
            <filename>NotoSans-Regular.ttf</filename>
            <size>27</size>
        </font>
        <font>
            <name>font_Actor</name>
            <filename>NotoSans-Regular.ttf</filename>
            <size>27</size>
            <linespacing>1.27</linespacing>
        </font>
        <font>
            <name>font13_textbox</name>
            <filename>NotoSans-Regular.ttf</filename>
            <size>27</size>
            <linespacing>1.2</linespacing>
        </font>
        <font>
            <name>font13_widget</name>
            <filename>NotoSans-Regular.ttf</filename>
            <size>27</size>
            <linespacing>1.13</linespacing>
        </font>
        <font>
            <name>font14</name>
            <filename>NotoSans-Regular.ttf</filename>
            <size>30</size>
        </font>
        <font>
            <name>font14_textbox</name>
            <filename>NotoSans-Regular.ttf</filename>
            <size>30</size>
            <linespacing>1.35</linespacing>
        </font>
        <font>
            <name>font_TextViewer</name>
            <filename>NotoSans-Regular.ttf</filename>
            <size>30</size>
            <linespacing>1.5</linespacing>
        </font>
        <font>
            <name>font15</name>
            <filename>NotoSans-Regular.ttf</filename>
            <size>32</size>
        </font>
        <font>
            <name>font15_textbox</name>
            <filename>NotoSans-Regular.ttf</filename>
            <size>32</size>
            <linespacing>1.30</linespacing>
        </font>
        <font>
            <name>font16</name>
            <filename>NotoSans-Regular.ttf</filename>
            <size>35</size>
        </font>
        <font>
            <name>font30</name>
            <filename>NotoSans-Regular.ttf</filename>
            <size>42</size>
        </font>
        <font>
            <name>font36</name>
            <filename>NotoSans-Regular.ttf</filename>
            <size>52</size>
        </font>
        <font>
            <name>font12_title</name>
            <filename>NotoSans-Regular.ttf</filename>
            <size>27</size>
        </font>
        <font>
            <name>font13_title</name>
            <filename>NotoSans-Regular.ttf</filename>
            <size>30</size>
        </font>
        <font>
            <name>font15_title</name>
            <filename>NotoSans-Regular.ttf</filename>
            <size>32</size>
        </font>
        <font>
            <name>font35_title</name>
            <filename>NotoSans-Regular.ttf</filename>
            <size>49</size>
        </font>
        <font>
            <name>font_MainMenu</name>
            <filename>NotoSans-Regular.ttf</filename>
            <linespacing>0</linespacing>
            <size>52</size>
        </font>
        <font>
            <name>font_SubMenu</name>
            <filename>NotoSans-Regular.ttf</filename>
            <linespacing>0</linespacing>
            <size>37</size>
        </font>
        <font>
            <name>BigAssFont</name>
            <filename>NotoSans-Regular.ttf</filename>
            <size>590</size>
        </font>
        <font>
            <name>WeatherTemp</name>
            <filename>NotoSans-Regular.ttf</filename>
            <size>110</size>
        </font>
        <include>CommonFonts</include>
    </fontset>
    <!--********************************
    ************************************
    *****     NOTOSERIF
    ************************************
    *********************************-->
    <fontset id="NotoSerif" idloc="31308">
        <font>
            <name>font10</name>
            <filename>NotoSerif-Regular.ttf</filename>
            <size>18</size>
        </font>
        <font>
            <name>font12</name>
            <filename>NotoSerif-Regular.ttf</filename>
            <size>23</size>
        </font>
        <font>
            <name>font13</name>
            <filename>NotoSerif-Regular.ttf</filename>
            <size>27</size>
        </font>
        <font>
            <name>font_Actor</name>
            <filename>NotoSerif-Regular.ttf</filename>
            <size>27</size>
            <linespacing>1.27</linespacing>
        </font>
        <font>
            <name>font13_textbox</name>
            <filename>NotoSerif-Regular.ttf</filename>
            <size>27</size>
            <linespacing>1.2</linespacing>
        </font>
        <font>
            <name>font13_widget</name>
            <filename>NotoSerif-Regular.ttf</filename>
            <size>27</size>
            <linespacing>1.13</linespacing>
        </font>
        <font>
            <name>font14</name>
            <filename>NotoSerif-Regular.ttf</filename>
            <size>30</size>
        </font>
        <font>
            <name>font14_textbox</name>
            <filename>NotoSerif-Regular.ttf</filename>
            <size>30</size>
            <linespacing>1.35</linespacing>
        </font>
        <font>
            <name>font_TextViewer</name>
            <filename>NotoSerif-Regular.ttf</filename>
            <size>30</size>
            <linespacing>1.5</linespacing>
        </font>
        <font>
            <name>font15</name>
            <filename>NotoSerif-Regular.ttf</filename>
            <size>32</size>
        </font>
        <font>
            <name>font15_textbox</name>
            <filename>NotoSerif-Regular.ttf</filename>
            <size>32</size>
            <linespacing>1.30</linespacing>
        </font>
        <font>
            <name>font16</name>
            <filename>NotoSerif-Regular.ttf</filename>
            <size>35</size>
        </font>
        <font>
            <name>font30</name>
            <filename>NotoSerif-Regular.ttf</filename>
            <size>42</size>
        </font>
        <font>
            <name>font36</name>
            <filename>NotoSerif-Regular.ttf</filename>
            <size>52</size>
        </font>
        <font>
            <name>font12_title</name>
            <filename>NotoSerif-Regular.ttf</filename>
            <size>27</size>
        </font>
        <font>
            <name>font13_title</name>
            <filename>NotoSerif-Regular.ttf</filename>
            <size>30</size>
        </font>
        <font>
            <name>font15_title</name>
            <filename>NotoSerif-Regular.ttf</filename>
            <size>32</size>
        </font>
        <font>
            <name>font35_title</name>
            <filename>NotoSerif-Regular.ttf</filename>
            <size>49</size>
        </font>
        <font>
            <name>font_MainMenu</name>
            <filename>NotoSerif-Regular.ttf</filename>
            <linespacing>0</linespacing>
            <size>52</size>
        </font>
        <font>
            <name>font_SubMenu</name>
            <filename>NotoSerif-Regular.ttf</filename>
            <linespacing>0</linespacing>
            <size>37</size>
        </font>
        <font>
            <name>BigAssFont</name>
            <filename>NotoSerif-Regular.ttf</filename>
            <size>590</size>
        </font>
        <font>
            <name>WeatherTemp</name>
            <filename>NotoSerif-Regular.ttf</filename>
            <size>110</size>
        </font>
        <include>CommonFonts</include>
    </fontset>
    <!--********************************
    ************************************
    *****     ROBOTO
    ************************************
    *********************************-->
    <fontset id="Roboto2014" idloc="31949">
        <font>
            <name>font10</name>
            <filename>Roboto-Light.ttf</filename>
            <size>21</size>
        </font>
        <font>
            <name>font12</name>
            <filename>Roboto-Light.ttf</filename>
            <size>26</size>
        </font>
        <font>
            <name>font13</name>
            <filename>Roboto-Light.ttf</filename>
            <size>30</size>
        </font>
        <font>
            <name>font_Actor</name>
            <filename>Roboto-Light.ttf</filename>
            <size>30</size>
            <linespacing>1.27</linespacing>
        </font>
        <font>
            <name>font13_textbox</name>
            <filename>Roboto-Light.ttf</filename>
            <size>30</size>
            <linespacing>1.2</linespacing>
        </font>
        <font>
            <name>font13_widget</name>
            <filename>Roboto-Light.ttf</filename>
            <size>30</size>
            <linespacing>1.18</linespacing>
        </font>
        <font>
            <name>font14</name>
            <filename>Roboto-Light.ttf</filename>
            <size>33</size>
        </font>
        <font>
            <name>font14_textbox</name>
            <filename>Roboto-Light.ttf</filename>
            <size>33</size>
            <linespacing>1.42</linespacing>
        </font>
        <font>
            <name>font_TextViewer</name>
            <filename>Roboto-Light.ttf</filename>
            <size>33</size>
            <linespacing>1.43</linespacing>
        </font>
        <font>
            <name>font15</name>
            <filename>Roboto-Light.ttf</filename>
            <size>35</size>
        </font>
        <font>
            <name>font15_textbox</name>
            <filename>Roboto-Light.ttf</filename>
            <size>35</size>
            <linespacing>1.40</linespacing>
        </font>
        <font>
            <name>font16</name>
            <filename>Roboto-Light.ttf</filename>
            <size>38</size>
        </font>
        <font>
            <name>font30</name>
            <filename>Roboto-Light.ttf</filename>
            <size>45</size>
        </font>
        <font>
            <name>font36</name>
            <filename>Roboto-Light.ttf</filename>
            <size>55</size>
        </font>
        <font>
            <name>font12_title</name>
            <filename>Roboto-Light.ttf</filename>
            <size>30</size>
        </font>
        <font>
            <name>font13_title</name>
            <filename>Roboto-Light.ttf</filename>
            <size>33</size>
        </font>
        <font>
            <name>font15_title</name>
            <filename>Roboto-Light.ttf</filename>
            <size>35</size>
        </font>
        <font>
            <name>font35_title</name>
            <filename>Roboto-Light.ttf</filename>
            <size>52</size>
        </font>
        <font>
            <name>font_MainMenu</name>
            <filename>Roboto-Light.ttf</filename>
            <linespacing>0</linespacing>
            <size>55</size>
        </font>
        <font>
            <name>font_SubMenu</name>
            <filename>Roboto-Light.ttf</filename>
            <linespacing>0</linespacing>
            <size>40</size>
        </font>
        <font>
            <name>BigAssFont</name>
            <filename>Roboto-Light.ttf</filename>
            <size>600</size>
        </font>
        <font>
            <name>WeatherTemp</name>
            <filename>Roboto-Light.ttf</filename>
            <size>120</size>
        </font>
        <include>CommonFonts</include>
    </fontset>
    <!--********************************
    ************************************
    *****     SAWASDEE 
    ************************************
    *********************************-->
    <fontset id="Sawasdee" idloc="31411">
        <font>
            <name>font10</name>
            <filename>Sawasdee.ttf</filename>
            <size>21</size>
        </font>
        <font>
            <name>font12</name>
            <filename>Sawasdee.ttf</filename>
            <size>26</size>
        </font>
        <font>
            <name>font13</name>
            <filename>Sawasdee.ttf</filename>
            <size>30</size>
        </font>
        <font>
            <name>font_Actor</name>
            <filename>Sawasdee.ttf</filename>
            <size>30</size>
            <linespacing>0.9</linespacing>
        </font>
        <font>
            <name>font13_textbox</name>
            <filename>Sawasdee.ttf</filename>
            <size>30</size>
            <linespacing>0.9</linespacing>
        </font>
        <font>
            <name>font13_widget</name>
            <filename>Sawasdee.ttf</filename>
            <size>30</size>
            <linespacing>0.9</linespacing>
        </font>
        <font>
            <name>font14</name>
            <filename>Sawasdee.ttf</filename>
            <size>33</size>
        </font>
        <font>
            <name>font14_textbox</name>
            <filename>Sawasdee.ttf</filename>
            <size>33</size>
            <linespacing>1.07</linespacing>
        </font>
        <font>
            <name>font_TextViewer</name>
            <filename>Sawasdee.ttf</filename>
            <size>33</size>
            <linespacing>1.07</linespacing>
        </font>
        <font>
            <name>font15</name>
            <filename>Sawasdee.ttf</filename>
            <size>35</size>
        </font>
        <font>
            <name>font15_textbox</name>
            <filename>Sawasdee.ttf</filename>
            <size>35</size>
            <linespacing>1.10</linespacing>
        </font>
        <font>
            <name>font16</name>
            <filename>Sawasdee.ttf</filename>
            <size>38</size>
        </font>
        <font>
            <name>font30</name>
            <filename>Sawasdee.ttf</filename>
            <size>45</size>
        </font>
        <font>
            <name>font36</name>
            <filename>Sawasdee.ttf</filename>
            <size>55</size>
        </font>
        <font>
            <name>font12_title</name>
            <filename>Sawasdee.ttf</filename>
            <size>28</size>
        </font>
        <font>
            <name>font13_title</name>
            <filename>Sawasdee.ttf</filename>
            <size>33</size>
        </font>
        <font>
            <name>font15_title</name>
            <filename>Sawasdee.ttf</filename>
            <size>35</size>
        </font>
        <font>
            <name>font35_title</name>
            <filename>Sawasdee.ttf</filename>
            <size>52</size>
        </font>
        <font>
            <name>font_MainMenu</name>
            <filename>Sawasdee.ttf</filename>
            <linespacing>0</linespacing>
            <size>55</size>
        </font>
        <font>
            <name>font_SubMenu</name>
            <filename>Sawasdee.ttf</filename>
            <linespacing>0</linespacing>
            <size>40</size>
        </font>
        <font>
            <name>BigAssFont</name>
            <filename>Sawasdee.ttf</filename>
            <size>600</size>
        </font>
        <font>
            <name>WeatherTemp</name>
            <filename>Sawasdee.ttf</filename>
            <size>120</size>
        </font>
        <include>CommonFonts</include>
    </fontset>
    <!--********************************
    ************************************
    *****     UBUNTU
    ************************************
    *********************************-->
    <fontset id="Ubuntu" idloc="31028">
        <font>
            <name>font10</name>
            <filename>Ubuntu-L.ttf</filename>
            <size>21</size>
        </font>
        <font>
            <name>font12</name>
            <filename>Ubuntu-L.ttf</filename>
            <size>25</size>
        </font>
        <font>
            <name>font13</name>
            <filename>Ubuntu-L.ttf</filename>
            <size>28</size>
        </font>
        <font>
            <name>font_Actor</name>
            <filename>Ubuntu-L.ttf</filename>
            <size>30</size>
            <linespacing>1.32</linespacing>
        </font>
        <font>
            <name>font13_textbox</name>
            <filename>Ubuntu-L.ttf</filename>
            <size>30</size>
            <linespacing>1.32</linespacing>
        </font>
        <font>
            <name>font13_widget</name>
            <filename>Ubuntu-L.ttf</filename>
            <size>30</size>
            <linespacing>1.22</linespacing>
        </font>
        <font>
            <name>font14</name>
            <filename>Ubuntu-L.ttf</filename>
            <size>33</size>
        </font>
        <font>
            <name>font14_textbox</name>
            <filename>Ubuntu-L.ttf</filename>
            <size>33</size>
            <linespacing>1.47</linespacing>
        </font>
        <font>
            <name>font_TextViewer</name>
            <filename>Ubuntu-L.ttf</filename>
            <size>33</size>
            <linespacing>1.47</linespacing>
        </font>
        <font>
            <name>font15</name>
            <filename>Ubuntu-L.ttf</filename>
            <size>35</size>
        </font>
        <font>
            <name>font15_textbox</name>
            <filename>Ubuntu-L.ttf</filename>
            <size>35</size>
            <linespacing>1.47</linespacing>
        </font>
        <font>
            <name>font16</name>
            <filename>Ubuntu-L.ttf</filename>
            <size>38</size>
        </font>
        <font>
            <name>font30</name>
            <filename>Ubuntu-L.ttf</filename>
            <size>45</size>
        </font>
        <font>
            <name>font36</name>
            <filename>Ubuntu-L.ttf</filename>
            <size>55</size>
        </font>
        <font>
            <name>font12_title</name>
            <filename>Ubuntu-L.ttf</filename>
            <size>28</size>
        </font>
        <font>
            <name>font13_title</name>
            <filename>Ubuntu-L.ttf</filename>
            <size>32</size>
        </font>
        <font>
            <name>font15_title</name>
            <filename>Ubuntu-L.ttf</filename>
            <size>35</size>
        </font>
        <font>
            <name>font35_title</name>
            <filename>Ubuntu-L.ttf</filename>
            <size>52</size>
        </font>
        <font>
            <name>font_MainMenu</name>
            <filename>Ubuntu-L.ttf</filename>
            <linespacing>0</linespacing>
            <size>55</size>
        </font>
        <font>
            <name>font_SubMenu</name>
            <filename>Ubuntu-L.ttf</filename>
            <linespacing>0</linespacing>
            <size>40</size>
        </font>
        <font>
            <name>BigAssFont</name>
            <filename>Ubuntu-L.ttf</filename>
            <size>600</size>
        </font>
        <font>
            <name>WeatherTemp</name>
            <filename>Ubuntu-L.ttf</filename>
            <size>120</size>
        </font>
        <include>CommonFonts</include>
    </fontset>
</fonts>
