<?xml version="1.0" encoding="UTF-8"?>
<includes>

    <!-- ==================== -->
    <!-- Notification Dialogs -->
    <!-- ==================== -->
    <include name="Dialog_Notification_Group">
        <right>20</right>
        <top>132</top>
        <width>700</width>
        <height>100</height>
        <include>Animation_FadeIn_Slide</include>
        <include>Animation_FadeOut</include>
        <control type="image">
            <description>background image</description>
            <animation effect="fade" start="100" end="90" condition="true">Conditional</animation>
            <texture border="16" colordiffuse="panel_bg">common/rounded-shadow8.png</texture>
        </control>
    </include>

    <include name="Dialog_Notification_Icon">
        <left>20</left>
        <centertop>50%</centertop>
        <width>64</width>
        <height>64</height>
    </include>

    <include name="Dialog_Notification_MainLabel">
        <left>104</left>
        <right>18</right>
        <top>22</top>
        <height>24</height>
        <aligny>center</aligny>
        <font>TinyBold</font>
        <textcolor>panel_fg_100</textcolor>
    </include>

    <include name="Dialog_Notification_SubLabel">
        <left>104</left>
        <right>18</right>
        <bottom>22</bottom>
        <height>24</height>
        <aligny>center</aligny>
        <font>Tiny</font>
        <textcolor>panel_fg_100</textcolor>
    </include>

    <!-- ================ -->
    <!-- Standard Dialogs -->
    <!-- ================ -->

    <include name="Dialog_Standard_Group">
        <param name="width" default="1080" />
        <param name="height" default="900" />
        <definition>
            <centerleft>50%</centerleft>
            <centertop>50%</centertop>
            <width>$PARAM[width]</width>
            <height>$PARAM[height]</height>
            <include>Animation_FadeIn_Slide</include>
            <control type="image">
                <top>-8</top>
                <bottom>-8</bottom>
                <right>-8</right>
                <left>-8</left>
                <texture border="16" colordiffuse="dialog_bg_100">common/rounded-shadow8.png</texture>
            </control>
        </definition>
    </include>

    <include name="Dialog_Standard_List_Left">
        <left>0</left>
        <top>120</top>
        <width>700</width>
        <height>690</height>
    </include>

    <include name="Dialog_Standard_List_Left_Icon">
        <left>32</left>
        <top>12</top>
        <width>111</width>
        <height>111</height>
        <aspectratio scalediffuse="false">keep</aspectratio>
        <texture fallback="DefaultAddonNone.png">$INFO[Listitem.Icon]</texture>
    </include>

    <include name="Dialog_Standard_List_Left_Label">
        <top>-18</top>
        <left>170</left>
        <right>30</right>
        <height>135</height>
        <font>SmallBold</font>
        <textcolor>dialog_fg_70</textcolor>
        <selectedcolor>dialog_fg_70</selectedcolor>
        <info>ListItem.Label</info>
    </include>

    <include name="Dialog_Standard_List_Left_Label2">
        <left>170</left>
        <top>18</top>
        <width>496</width>
        <height>135</height>
        <font>font_dialog_minilabel</font>
        <textcolor>dialog_fg_70</textcolor>
        <selectedcolor>dialog_fg_70</selectedcolor>
        <label>$INFO[ListItem.Label2]</label>
    </include>

    <include name="Dialog_Standard_Right_Buttons">
        <width>300</width>
        <height>70</height>
        <align>center</align>
        <font>font_button</font>
        <textcolor>dialog_fg_70</textcolor>
        <texturefocus colordiffuse="$VAR[ColorHighlight]" border="5">common/box.png</texturefocus>
    </include>

    <include name="Dialog_Standard_Right_Grouplist">
        <top>120</top>
        <width>300</width>
        <itemgap>0</itemgap>
        <centerright>190</centerright>
        <orientation>vertical</orientation>
    </include>

    <include name="Dialog_Standard_Header">
        <left>20</left>
        <right>20</right>
        <top>15</top>
        <height>70</height>
        <font>font_dialog_header</font>
        <align>center</align>
        <textcolor>dialog_fg_70</textcolor>
    </include>

    <include name="Dialog_Standard_ListButton">
        <align>left</align>
        <height>66</height>
        <texturenofocus colordiffuse="dialog_fg_12" border="8">common/box.png</texturenofocus>
        <texturefocus colordiffuse="$VAR[ColorHighlight]" border="8">common/box.png</texturefocus>
    </include>

    <include name="Dialog_Standard_OkCancel">
        <align>center</align>
        <font>font_dialog_okcancel</font>
        <width>300</width>
        <texturenofocus colordiffuse="dialog_fg_12" border="8">common/box.png</texturenofocus>
        <texturefocus colordiffuse="$VAR[ColorHighlight]" border="8">common/box.png</texturefocus>
    </include>

    <include name="Dialog_Standard_OkCancel_GroupList">
        <bottom>20</bottom>
        <left>20</left>
        <right>20</right>
        <align>center</align>
        <itemgap>20</itemgap>
        <orientation>horizontal</orientation>
        <height>66</height>
    </include>

    <include name="Dialog_Standard_HintLabel">
        <top>33</top>
        <height>33</height>
        <font>font_dialog_hintlabel</font>
        <textcolor>dialog_fg_70</textcolor>
    </include>

    <!-- ============ -->
    <!-- Info Dialogs -->
    <!-- ============ -->
    <include name="Dialog_Info_Header">
        <left>30</left>
        <right>320</right>
        <top>15</top>
        <height>70</height>
        <font>MediumBold</font>
        <align>left</align>
        <textcolor>dialog_fg_70</textcolor>
    </include>

    <include name="Dialog_Info_Panel">
        <control type="image">
            <top>-24</top>
            <height>24</height>
            <width>100%</width>
            <texture flipy="true">common/shadow-line-24px.png</texture>
        </control>
        <control type="image">
            <bottom>0</bottom>
            <top>0</top>
            <texture>common/gradient-solid.png</texture>
        </control>
        <control type="image">
            <top>0</top>
            <height>1</height>
            <texture colordiffuse="highlight_dialog">common/white.png</texture>
        </control>
    </include>

    <include name="Dialog_Info_Button_Grouplist">
        <left>SidePad</left>
        <right>SidePad</right>
        <align>center</align>
        <height>423</height>
        <top>778</top>
        <itemgap>14</itemgap>
        <orientation>horizontal</orientation>
    </include>


    <include name="Dialog_Info_Buttons">
        <font>font_button</font>
        <disabledcolor>main_fg_30</disabledcolor>
        <textcolor>main_fg_70</textcolor>
        <width>auto</width>
        <height>48</height>
        <onfocus>ClearProperty(FocusedList,Home)</onfocus>
        <texturenofocus colordiffuse="main_fg_12" border="5">common/box.png</texturenofocus>
        <texturefocus colordiffuse="$VAR[ColorHighlight]" border="5">common/box.png</texturefocus>
    </include>

    <include name="Dialog_Info_Details_Grouplist">
        <left>910</left>
        <right>SidePad</right>
        <top>106</top>
        <height>450</height>
        <orientation>vertical</orientation>
        <usecontrolcoords>true</usecontrolcoords>
    </include>

    <!-- Ok Cancel Progress Yes No Dialog -->
    <include name="Dialog_Confirm">
        <centerleft>50%</centerleft>
        <top>360</top>
        <width>900</width>
        <include>Animation_FadeIn_Slide</include>
        <control type="image">
            <left>-30</left>
            <top>-30</top>
            <width>960</width>
            <height>444</height>
            <texture border="16" colordiffuse="dialog_bg_100">common/rounded-shadow8.png</texture>
        </control>
        <control type="image">
            <left>-46</left>
            <right>-46</right>
            <top>-46</top>
            <height>476</height>
            <bordertexture border="32">common/dark-shadow-24.png</bordertexture>
            <bordersize>24</bordersize>
            <texture colordiffuse="dialog_bg_100" border="16">common/box.png</texture>
        </control>

        <control type="label" id="1">
            <description>Heading</description>
            <left>15</left>
            <right>15</right>
            <height>70</height>
            <font>MediumBold</font>
            <align>left</align>
        </control>

        <control type="textbox" id="9">
            <description>Line 1</description>
            <left>15</left>
            <right>15</right>
            <top>108</top>
            <height>300</height>
        </control>
    </include>


    <!-- =========== -->
    <!-- Custom List -->
    <!-- =========== -->
    <include name="Dialog_Custom_List">
        <param name="id" default="9000" />
        <param name="cancelid" default="9001" />
        <param name="content" default="true" />
        <param name="header" default="$INFO[Window(Home).Property(CustomInfoList.Title)]" />
        <param name="cancelaction" default="Close" />
        <param name="visible" default="!Window.IsVisible(script-script.extendedinfo-DialogVideoInfo.xml) + !Window.IsVisible(script-script.extendedinfo-DialogInfo.xml)" />
        <param name="label2" default="ListItem.Label2" />
        <definition>
            <control type="group">
            <include>Global_Overlay</include>
            <visible>$PARAM[visible]</visible>
                <control type="group">
                    <include>Dialog_Standard_Group</include>
                    <animation type="Conditional" reversible="false" condition="!Container($PARAM[id]).IsUpdating">
                        <effect type="fade" start="0" end="100" time="300" delay="150"/>
                        <effect type="slide" start="0,-200" end="0" center="auto" tween="cubic" easing="out" time="450" delay="150"/>
                    </animation>
                    <animation effect="fade" start="100" end="0" time="0" reversible="false" condition="Container($PARAM[id]).IsUpdating">Conditional</animation>
                    <animation type="Visible" reversible="false">
                        <effect type="fade" start="0" end="100" time="300" delay="150"/>
                        <effect type="slide" start="0,-200" end="0" center="auto" tween="cubic" easing="out" time="450" delay="150"/>
                    </animation>
                    <animation effect="fade" start="100" end="0" time="0" reversible="false">Hidden</animation>
                    <control type="label">
                        <include>Dialog_Standard_Header</include>
                        <label>$PARAM[header]</label>
                    </control>

                    <control type="panel" id="$PARAM[id]">
                        <include>Dialog_Standard_List_Left</include>
                        <onleft>$PARAM[cancelid]</onleft>
                        <onright>$PARAM[cancelid]</onright>
                        <onup>$PARAM[id]</onup>
                        <ondown>$PARAM[id]</ondown>
                        <itemlayout height="138" width="700">
                            <control type="image">
                                <include>Dialog_Standard_List_Left_Icon</include>
                            </control>
                            <control type="label">
                                <animation effect="slide" end="0,18" condition="String.IsEmpty($PARAM[label2])">Conditional</animation>
                                <include>Dialog_Standard_List_Left_Label</include>
                            </control>
                            <control type="label">
                                <label>$INFO[$PARAM[label2]]</label>
                                <include>Dialog_Standard_List_Left_Label2</include>
                            </control>
                        </itemlayout>
                        <focusedlayout height="138" width="700">
                            <control type="image">
                                <width>100%</width>
                                <height>135</height>
                                <texture border="5" colordiffuse="$VAR[ColorHighlight]">common/white.png</texture>
                            </control>
                            <control type="image">
                                <include>Dialog_Standard_List_Left_Icon</include>
                            </control>
                            <control type="label">
                                <textcolor>Selected</textcolor>
                                <selectedcolor>Selected</selectedcolor>
                                <animation effect="slide" end="0,18" condition="String.IsEmpty($PARAM[label2])">Conditional</animation>
                                <include>Dialog_Standard_List_Left_Label</include>
                            </control>
                            <control type="label">
                                <textcolor>Selected</textcolor>
                                <selectedcolor>Selected</selectedcolor>
                                <label>$INFO[$PARAM[label2]]</label>
                                <include>Dialog_Standard_List_Left_Label2</include>
                            </control>
                        </focusedlayout>
                        <include condition="$PARAM[content]">Dialog_Custom_Content</include>
                    </control>

                    <!-- Buttons -->
                    <control type="grouplist">
                        <include>Dialog_Standard_Right_Grouplist</include>
                        <control type="button" id="$PARAM[cancelid]">
                            <onleft>$PARAM[id]</onleft>
                            <onright>$PARAM[id]</onright>
                            <label>222</label>
                            <onclick>$PARAM[cancelaction]</onclick>
                            <include>Dialog_Standard_Right_Buttons</include>
                        </control>
                    </control>

                    <!-- Big Image -->
                    <control type="group">
                        <centerright>190</centerright>
                        <top>357</top>
                        <width>300</width>
                        <height>450</height>
                        <control type="image">
                            <texture>$INFO[Container($PARAM[id]).ListItem.Icon]</texture>
                            <aspectratio align="center" aligny="bottom">keep</aspectratio>
                        </control>
                    </control>

                    <!-- Separator -->
                    <control type="image">
                        <left>699</left>
                        <top>120</top>
                        <height>687</height>
                        <width>1</width>
                        <texture colordiffuse="dialog_fg_12">common/white.png</texture>
                    </control>
                </control>

                <control type="group">
                    <visible>Container($PARAM[id]).IsUpdating</visible>
                    <visible>!Window.IsVisible(DialogBusy.xml)</visible>
                    <include>Animation_FadeIn</include>
                    <include>Animation_FadeOut</include>
                    <include>Global_Overlay</include>
                    <control type="image">
                        <description>Busy animation</description>
                        <centerleft>50%</centerleft>
                        <centertop>47%</centertop>
                        <width>100</width>
                        <height>100</height>
                        <texture>dialog/loading-back.png</texture>
                        <aspectratio>keep</aspectratio>
                    </control>
                    <control type="image">
                        <description>Busy animation</description>
                        <centerleft>50%</centerleft>
                        <centertop>47%</centertop>
                        <width>100</width>
                        <height>100</height>
                        <animation effect="rotate" condition="true" start="0" end="360" loop="true" time="1000" center="auto">Conditional</animation>
                        <texture colordiffuse="$VAR[ColorHighlight]">dialog/loading-spinner.png</texture>
                        <aspectratio>keep</aspectratio>
                    </control>
                    <control type="label">
                        <description>Busy label</description>
                        <centerleft>50%</centerleft>
                        <centertop>53%</centertop>
                        <width>720</width>
                        <height>108</height>
                        <aligny>center</aligny>
                        <align>center</align>
                        <label>$LOCALIZE[20186]...</label>
                        <textcolor>ffededed</textcolor>
                    </control>
                </control>
            </control>
        </definition>
    </include>

    <include name="Dialog_VideoInfo_BusyIndicator">
        <control type="group">
            <visible>Container($PARAM[id]).IsUpdating</visible>
            <visible>Control.IsVisible($PARAM[id])</visible>
            <visible>!Window.IsVisible(DialogBusy.xml)</visible>
            <include>Animation_FadeIn</include>
            <control type="image">
                <description>Busy animation</description>
                <centerleft>50%</centerleft>
                <centertop>42%</centertop>
                <width>100</width>
                <height>100</height>
                <texture>dialog/loading-back.png</texture>
                <aspectratio>keep</aspectratio>
            </control>
            <control type="image">
                <description>Busy animation</description>
                <centerleft>50%</centerleft>
                <centertop>42%</centertop>
                <width>100</width>
                <height>100</height>
                <animation effect="rotate" condition="true" start="0" end="360" loop="true" time="1000" center="auto">Conditional</animation>
                <texture colordiffuse="$VAR[ColorHighlight]">dialog/loading-spinner.png</texture>
                <aspectratio>keep</aspectratio>
            </control>
            <control type="label">
                <description>Busy label</description>
                <centerleft>50%</centerleft>
                <centertop>58%</centertop>
                <width>720</width>
                <height>108</height>
                <aligny>center</aligny>
                <align>center</align>
                <label>$LOCALIZE[20186]...</label>
                <textcolor>ffededed</textcolor>
            </control>
        </control>
    </include>

    <include name="Dialog_Custom_Content"><content target="$INFO[Window(Home).Property(CustomInfoList.Target)]">$INFO[Window(Home).Property(CustomInfoList.Content)]</content></include>

    <!-- ============== -->
    <!-- Settings Panel -->
    <!-- ============== -->
    <include name="Dialog_Settings_Panel">
        <animation type="Visible" reversible="false">
            <effect type="slide" start="0,160" end="0" time="400" tween="quadratic" easing="out" />
            <effect type="fade" start="0" end="100" time="200" />
        </animation>
        <animation type="Hidden" reversible="false">
            <effect type="slide" end="0,160" start="0" time="400" tween="quadratic" easing="out" />
            <effect type="fade" end="0" start="100" time="200" />
        </animation>
        <animation type="WindowOpen" reversible="false">
            <effect type="slide" start="0,700" end="0" time="400" tween="quadratic" easing="out" />
            <effect type="fade" start="0" end="100" time="200" />
        </animation>
        <animation type="WindowClose" reversible="false">
            <effect type="fade" end="0" start="100" time="200" delay="200"/>
        </animation>
        <left>-16</left>
        <right>-16</right>
        <top>182</top>
        <height>866</height>

        <control type="image">
            <width>100%</width>
            <height>150%</height>
            <texture border="16" colordiffuse="panel_bg">common/rounded-shadow8.png</texture>
        </control>
    </include>

    <!-- =============== -->
    <!-- PVR Info Dialog -->
    <!-- =============== -->
    <include name="Dialog_PVRInfo_Channels">
        <control type="group">
            <!-- Information -->
            <control type="grouplist">
                <left>614</left>
                <top>680</top>
                <right>30</right>
                <include>Dialog_Info_Details_Grouplist</include>
                <!-- Genre -->
                <control type="group">
                    <height>32</height>
                    <control type="label">
                        <left>0</left>
                        <width>160</width>
                        <align>right</align>
                        <textcolor>main_fg_30</textcolor>
                        <font>Tiny</font>
                        <label>515</label>
                        <aligny>top</aligny>
                    </control>
                    <control type="label">
                        <left>176</left>
                        <textcolor>main_fg_70</textcolor>
                        <font>Tiny</font>
                        <aligny>top</aligny>
                        <label fallback="19055">$INFO[ListItem.Genre]</label>
                    </control>
                </control>
                <!-- Start Time -->
                <control type="group">
                    <height>32</height>
                    <control type="label">
                        <left>0</left>
                        <width>160</width>
                        <align>right</align>
                        <textcolor>main_fg_30</textcolor>
                        <font>Tiny</font>
                        <label>19126</label>
                        <aligny>top</aligny>
                    </control>
                    <control type="label">
                        <left>176</left>
                        <textcolor>main_fg_70</textcolor>
                        <font>Tiny</font>
                        <aligny>top</aligny>
                        <label fallback="19055">$INFO[ListItem.StartDate,, - ]$INFO[ListItem.StartTime]</label>
                    </control>
                </control>
                <!-- End Time -->
                <control type="group">
                    <height>32</height>
                    <control type="label">
                        <left>0</left>
                        <width>160</width>
                        <align>right</align>
                        <textcolor>main_fg_30</textcolor>
                        <font>Tiny</font>
                        <label>19127</label>
                        <aligny>top</aligny>
                    </control>
                    <control type="label">
                        <left>176</left>
                        <textcolor>main_fg_70</textcolor>
                        <font>Tiny</font>
                        <aligny>top</aligny>
                        <label fallback="19055">$INFO[ListItem.EndDate,, - ]$INFO[ListItem.EndTime]</label>
                    </control>
                </control>
                <!-- Duration -->
                <control type="group">
                    <height>32</height>
                    <control type="label">
                        <left>0</left>
                        <width>160</width>
                        <align>right</align>
                        <textcolor>main_fg_30</textcolor>
                        <font>Tiny</font>
                        <label>180</label>
                        <aligny>top</aligny>
                    </control>
                    <control type="label">
                        <left>176</left>
                        <textcolor>main_fg_70</textcolor>
                        <font>Tiny</font>
                        <aligny>top</aligny>
                        <label fallback="19055">$INFO[ListItem.Duration]</label>
                    </control>
                </control>
                <!-- Description -->
                <control type="group">
                    <height>95</height>
                    <control type="label">
                        <left>0</left>
                        <width>160</width>
                        <align>right</align>
                        <textcolor>main_fg_30</textcolor>
                        <font>Tiny</font>
                        <label>21821</label>
                        <aligny>top</aligny>
                    </control>
                    <control type="textbox">
                        <left>176</left>
                        <textcolor>main_fg_70</textcolor>
                        <font>Tiny</font>
                        <aligny>top</aligny>
                        <label fallback="19055">$INFO[Window(Home).Property(SkinHelper.ListItem.Plot)]</label>
                    </control>
                </control>
            </control>
            <!-- Buttons -->
            <control type="grouplist" id="9000">
                <left>614</left>
                <right>30</right>
                <align>left</align>
                <top>954</top>
                <height>60</height>
                <include>Dialog_Info_Button_Grouplist</include>
                
                <control type="button" id="5">
                    <label>19165</label>
                    <include>Dialog_Info_Buttons</include>
                    <visible>Window.IsActive(PVRGuideInfo)</visible>
                </control>
                <control type="button" id="4">
                    <label>19003</label>
                    <include>Dialog_Info_Buttons</include>
                    <visible>Window.IsActive(PVRGuideInfo)</visible>
                </control>
                <control type="button" id="6">
                    <include>Dialog_Info_Buttons</include>
                    <visible>Window.IsActive(PVRGuideInfo)</visible>
                </control>
                <control type="button" id="7">
                    <label>186</label>
                    <include>Dialog_Info_Buttons</include>
                </control>
                <control type="button" id="8">
                    <label>19687</label>
                    <include>Dialog_Info_Buttons</include>
                    <visible>Window.IsActive(PVRGuideInfo)</visible>
                </control>
            </control>
        </control>
    </include>

    <include name="Dialog_PVRInfo_Guide">
        <include>Global_Overlay</include>
        <control type="group">
            <include content="Dialog_Standard_Group">
                <param name="width" value="1200" />
                <param name="height" value="500" />
            </include>

            <control type="label" id="2">
                <include>Dialog_Standard_Header</include>
                <label>$INFO[ListItem.Title]</label>
            </control>
            <control type="grouplist">
                <left>30</left>
                <top>100</top>
                <right>60</right>
                <include>Dialog_Info_Details_Grouplist</include>
                <!-- Start Time -->
                <control type="group">
                    <height>32</height>
                    <control type="label">
                        <left>0</left>
                        <width>160</width>
                        <align>right</align>
                        <textcolor>main_fg_30</textcolor>
                        <font>Tiny</font>
                        <label>19126</label>
                        <aligny>top</aligny>
                    </control>
                    <control type="label">
                        <left>176</left>
                        <textcolor>main_fg_70</textcolor>
                        <font>Tiny</font>
                        <aligny>top</aligny>
                        <label fallback="19055">$INFO[ListItem.StartDate] - $INFO[ListItem.StartTime]</label>
                    </control>
                </control>
                <!-- End Time -->
                <control type="group">
                    <height>32</height>
                    <control type="label">
                        <left>0</left>
                        <width>160</width>
                        <align>right</align>
                        <textcolor>main_fg_30</textcolor>
                        <font>Tiny</font>
                        <label>19127</label>
                        <aligny>top</aligny>
                    </control>
                    <control type="label">
                        <left>176</left>
                        <textcolor>main_fg_70</textcolor>
                        <font>Tiny</font>
                        <aligny>top</aligny>
                        <label fallback="19055">$INFO[ListItem.EndDate] - $INFO[ListItem.EndTime]</label>
                    </control>
                </control>
                <!-- Channel Name -->
                <control type="group">
                    <height>32</height>
                    <control type="label">
                        <left>0</left>
                        <width>160</width>
                        <align>right</align>
                        <textcolor>main_fg_30</textcolor>
                        <font>Tiny</font>
                        <label>19029</label>
                        <aligny>top</aligny>
                    </control>
                    <control type="label">
                        <left>176</left>
                        <textcolor>main_fg_70</textcolor>
                        <font>Tiny</font>
                        <aligny>top</aligny>
                        <label fallback="19055">$INFO[ListItem.ChannelName]$INFO[ListItem.ChannelNumberLabel, (,)]</label>
                    </control>
                </control>
                <!-- Plot -->
                <control type="group">
                    <height>182</height>
                    <control type="label">
                        <left>0</left>
                        <width>160</width>
                        <align>right</align>
                        <textcolor>main_fg_30</textcolor>
                        <font>Tiny</font>
                        <label>21821</label>
                        <aligny>top</aligny>
                    </control>
                    <control type="textbox">
                        <left>176</left>
                        <textcolor>main_fg_70</textcolor>
                        <font>Tiny</font>
                        <aligny>top</aligny>
                        <label fallback="19055">$INFO[ListItem.Plot]</label>
                    </control>
                </control>
            </control>
            <!-- Buttons -->
            <control type="grouplist" id="9000">
                <left>30</left>
                <right>30</right>
                <align>center</align>
                <bottom>20</bottom>
                <height>60</height>
                <orientation>horizontal</orientation>
                <itemgap>14</itemgap>
                <control type="button" id="4">
                    <label>19003</label>
                    <include>Dialog_Info_Buttons</include>
                    <visible>Window.IsActive(PVRGuideInfo)</visible>
                </control>
                <control type="button" id="5">
                    <label>19165</label>
                    <include>Dialog_Info_Buttons</include>
                    <visible>Window.IsActive(PVRGuideInfo)</visible>
                </control>
                <control type="button" id="6">
                    <include>Dialog_Info_Buttons</include>
                    <visible>Window.IsActive(PVRGuideInfo)</visible>
                </control>
                <control type="button" id="7">
                    <label>186</label>
                    <include>Dialog_Info_Buttons</include>
                </control>
                <control type="button" id="8">
                    <label>19687</label>
                    <include>Dialog_Info_Buttons</include>
                    <visible>Window.IsActive(PVRGuideInfo)</visible>
                </control>
            </control>
        </control>
    </include>
</includes>
