<window>
    <defaultcontrol always="true">9101</defaultcontrol>
    <include>Defs_SettingsOnload</include>
    <controls>
        <include>Global_Background_Settings</include>
        <control type="group">
            <include>Dialog_Settings_Panel</include>

            <control type="group">
                <left>16</left>
                <right>16</right>
                <top>8</top>
                <bottom>8</bottom>
                <!-- Left Group -->
                <control type="grouplist" id="9100">
                    <description>Button Area</description>
                    <width>450</width>
                    <top>140</top>
                    <bottom>0</bottom>
                    <itemgap>0</itemgap>
                    <onleft>SetFocus(300,0)</onleft>
                    <onback>300</onback>
                    <onright>9200</onright>
                    <onup>302</onup>
                    <ondown>noop</ondown>
                    <orientation>vertical</orientation>
                    <control type="togglebutton" id="9101" description="Home">
                        <usealttexture>!Control.HasFocus(300) + !Control.HasFocus(302) + ControlGroup(9100).HasFocus(9101)</usealttexture>
                        <alttexturenofocus colordiffuse="$VAR[ColorHighlight]">common/white.png</alttexturenofocus>
                        <width>450</width>
                        <onback>300</onback>
                        <include>Defs_Settings_Button</include>
                        <label>10000</label>
                    </control>
                    <control type="togglebutton" id="9102" description="Background">
                        <usealttexture>!Control.HasFocus(300) + !Control.HasFocus(302) + ControlGroup(9100).HasFocus(9102)</usealttexture>
                        <alttexturenofocus colordiffuse="$VAR[ColorHighlight]">common/white.png</alttexturenofocus>
                        <width>450</width>
                        <onback>300</onback>
                        <include>Defs_Settings_Button</include>
                        <label>31110</label>
                    </control>

                    <control type="togglebutton" id="9103" description="OSD">
                        <usealttexture>!Control.HasFocus(300) + !Control.HasFocus(302) + ControlGroup(9100).HasFocus(9103)</usealttexture>
                        <alttexturenofocus colordiffuse="$VAR[ColorHighlight]">common/white.png</alttexturenofocus>
                        <width>450</width>
                        <onback>300</onback>
                        <include>Defs_Settings_Button</include>
                        <label>31270</label>
                    </control>

                    <control type="togglebutton" id="9104" description="Artwork">
                        <usealttexture>!Control.HasFocus(300) + !Control.HasFocus(302) + ControlGroup(9100).HasFocus(9104)</usealttexture>
                        <alttexturenofocus colordiffuse="$VAR[ColorHighlight]">common/white.png</alttexturenofocus>
                        <width>450</width>
                        <onback>300</onback>
                        <include>Defs_Settings_Button</include>
                        <label>$LOCALIZE[31203]</label>
                    </control>

                    <control type="togglebutton" id="9105" description="Colors">
                        <usealttexture>!Control.HasFocus(300) + !Control.HasFocus(302) + ControlGroup(9100).HasFocus(9105)</usealttexture>
                        <alttexturenofocus colordiffuse="$VAR[ColorHighlight]">common/white.png</alttexturenofocus>
                        <width>450</width>
                        <onback>300</onback>
                        <include>Defs_Settings_Button</include>
                        <label>$LOCALIZE[31021]</label>
                    </control>

                    <control type="togglebutton" id="9107" description="Extras">
                        <usealttexture>!Control.HasFocus(300) + !Control.HasFocus(302) + ControlGroup(9100).HasFocus(9107)</usealttexture>
                        <alttexturenofocus colordiffuse="$VAR[ColorHighlight]">common/white.png</alttexturenofocus>
                        <width>450</width>
                        <onback>300</onback>
                        <include>Defs_Settings_Button</include>
                        <label>$LOCALIZE[31024]</label>
                    </control>

                    <control type="togglebutton" id="9108" description="Dependencies">
                        <usealttexture>!Control.HasFocus(300) + !Control.HasFocus(302) + ControlGroup(9100).HasFocus(9108)</usealttexture>
                        <alttexturenofocus colordiffuse="$VAR[ColorHighlight]">common/white.png</alttexturenofocus>
                        <width>450</width>
                        <onback>300</onback>
                        <include>Defs_Settings_Button</include>
                        <label>$LOCALIZE[24996]</label>
                    </control>

                    <control type="togglebutton" id="9106" description="Reset Backup">
                        <usealttexture>!Control.HasFocus(300) + !Control.HasFocus(302) + ControlGroup(9100).HasFocus(9106)</usealttexture>
                        <alttexturenofocus colordiffuse="$VAR[ColorHighlight]">common/white.png</alttexturenofocus>
                        <width>450</width>
                        <onback>300</onback>
                        <include>Defs_Settings_Button</include>
                        <label>$LOCALIZE[31030]</label>
                    </control>
                </control>


                <!-- Right Group -->
                <control type="grouplist" id="9200">
                    <description>Control Area</description>
                    <left>450</left>
                    <right>0</right>
                    <top>140</top>
                    <bottom>80</bottom>
                    <itemgap>0</itemgap>
                    <onright>SetFocus(300,5)</onright>
                    <onback>300</onback>
                    <onleft>9100</onleft>
                    <onup>noop</onup>
                    <ondown>noop</ondown>
                    <orientation>vertical</orientation>
                    <!-- ==== -->
                    <!-- Home -->
                    <!-- ==== -->
                    <control type="button" id="9211" description="Customise Home">
                        <visible>ControlGroup(9100).HasFocus(9101)</visible>
                        <onback>300</onback>
                        <include>Defs_Settings_Button</include>
                        <label>$LOCALIZE[31109]</label>
                        <onclick>RunScript(script.skinshortcuts,type=manage&amp;group=mainmenu)</onclick>
                    </control>

                    <control type="button" id="9212" description="Set Slideshow Path">
                        <visible>ControlGroup(9100).HasFocus(9101)</visible>
                        <onback>300</onback>
                        <include>Defs_Settings_Button</include>
                        <label>31269</label>
                        <label2>$VAR[Label_SkinShortcuts_WidgetName_Fallback]</label2>
                        <onclick>ActivateWindow(1113)</onclick>
                    </control>

                    <control type="radiobutton" id="9213" description="Show slideshow instead of fanart">
                        <visible>ControlGroup(9100).HasFocus(9101)</visible>
                        <onback>300</onback>
                        <include>Defs_Settings_Button</include>
                        <label>31149</label>
                        <selected>Skin.HasSetting(home.dontshowfanart)</selected>
                        <onclick>Skin.ToggleSetting(home.dontshowfanart)</onclick>
                    </control>

                    <control type="radiobutton" id="9214" description="Never hide top bar">
                        <visible>ControlGroup(9100).HasFocus(9101)</visible>
                        <onback>300</onback>
                        <include>Defs_Settings_Button</include>
                        <label>31283</label>
                        <selected>Skin.HasSetting(ShowTopbar)</selected>
                        <onclick>Skin.ToggleSetting(ShowTopbar)</onclick>
                    </control>

                    <control type="radiobutton" id="9215" description="Allow Back">
                        <visible>ControlGroup(9100).HasFocus(9101)</visible>
                        <onback>300</onback>
                        <include>Defs_Settings_Button</include>
                        <label>31285</label>
                        <selected>Skin.HasSetting(EnableNeverHome)</selected>
                        <onclick>Skin.ToggleSetting(EnableNeverHome)</onclick>
                    </control>

                    <control type="radiobutton" id="9216" description="Show home widgets when top menu is focused">
                        <visible>ControlGroup(9100).HasFocus(9101)</visible>
                        <onback>300</onback>
                        <include>Defs_Settings_Button</include>
                        <label>31288</label>
                        <selected>Skin.HasSetting(ReturnHomeOnFocus)</selected>
                        <onclick>Skin.ToggleSetting(ReturnHomeOnFocus)</onclick>
                    </control>

                    <control type="radiobutton" id="9219" description="Show PVR notifications">
                        <visible>ControlGroup(9100).HasFocus(9101)</visible>
                        <onback>300</onback>
                        <include>Defs_Settings_Button</include>
                        <label>$LOCALIZE[31166]</label>
                        <selected>!Skin.HasSetting(home.pvrnotification)</selected>
                        <onclick>Skin.ToggleSetting(home.pvrnotification)</onclick>
                    </control>

                    <control type="radiobutton" id="9210" description="Autoscroll">
                        <visible>ControlGroup(9100).HasFocus(9101)</visible>
                        <onback>300</onback>
                        <include>Defs_Settings_Button</include>
                        <label>$LOCALIZE[31167]</label>
                        <selected>!Skin.HasSetting(DisableAutoScroll)</selected>
                        <onclick>Skin.ToggleSetting(DisableAutoScroll)</onclick>
                    </control>

                    <control type="radiobutton" id="9220" description="Autoscroll">
                        <visible>ControlGroup(9100).HasFocus(9101)</visible>
                        <onback>300</onback>
                        <include>Defs_Settings_Button</include>
                        <label>$LOCALIZE[31178]</label>
                        <enable>!Skin.HasSetting(DisableAutoScroll)</enable>
                        <selected>Skin.HasSetting(AutoScrollLibrary)</selected>
                        <onclick>Skin.ToggleSetting(AutoScrollLibrary)</onclick>
                    </control>

                    

                    

                    <!-- ========== -->
                    <!-- Background -->
                    <!-- ========== -->
                    <control type="radiobutton" id="9221" description="No fanart">
                        <visible>ControlGroup(9100).HasFocus(9102)</visible>
                        <onback>300</onback>
                        <include>Defs_Settings_Button</include>
                        <label>$LOCALIZE[31121]</label>
                        <selected>!Skin.HasSetting(NoFanart)</selected>
                        <onclick>Skin.ToggleSetting(NoFanart)</onclick>
                    </control>

                    <control type="button" id="9222" description="Set Fallback Image">
                        <visible>ControlGroup(9100).HasFocus(9102)</visible>
                        <onback>300</onback>
                        <include>Defs_Settings_Button</include>
                        <label>31150</label>
                        <label2>$INFO[Skin.String(fanart.fallback)]</label2>
                        <onclick condition="!System.HasAddon(script.toolbox)">InstallAddon(script.toolbox)</onclick>
                        <onclick>SetProperty(Dialog.1.Label,$LOCALIZE[16018])</onclick>
                        <onclick>SetProperty(Dialog.1.BuiltIn,Skin.Reset(fanart.fallback))</onclick>
                        <onclick>SetProperty(Dialog.2.Label,$LOCALIZE[31271])</onclick>
                        <onclick>SetProperty(Dialog.2.BuiltIn,Skin.SetImage(fanart.fallback))</onclick>
                        <onclick>RunScript(script.toolbox,info=selectdialog,header=$LOCALIZE[31150])</onclick>
                    </control>

                    <control type="radiobutton" id="9223" description="Show video in background">
                        <visible>ControlGroup(9100).HasFocus(9102)</visible>
                        <onback>300</onback>
                        <include>Defs_Settings_Button</include>
                        <label>31111</label>
                        <selected>Skin.HasSetting(global.showvideo)</selected>
                        <onclick>Skin.ToggleSetting(global.showvideo)</onclick>
                    </control>

                    <control type="radiobutton" id="9224" description="Show vis in background">
                        <visible>ControlGroup(9100).HasFocus(9102)</visible>
                        <onback>300</onback>
                        <include>Defs_Settings_Button</include>
                        <label>31172</label>
                        <selected>Skin.HasSetting(global.showvisualisation)</selected>
                        <onclick>Skin.ToggleSetting(global.showvisualisation)</onclick>
                    </control>

                    <control type="togglebutton" id="9225" description="Install Weather Fanart">
                        <visible>ControlGroup(9100).HasFocus(9102)</visible>
                        <onback>300</onback>
                        <include>Defs_Settings_Button</include>
                        <label>$LOCALIZE[31008]</label>
                        <altlabel>$LOCALIZE[31010]</altlabel>
                        <usealttexture>System.HasAddon(resource.images.weatherfanart.multi)</usealttexture>
                        <enable>!System.HasAddon(resource.images.weatherfanart.multi)</enable>
                        <onclick condition="!System.HasAddon(resource.images.weatherfanart.multi)">InstallAddon(resource.images.weatherfanart.multi)</onclick>
                    </control>

                    <control type="radiobutton" id="9218" description="Statusbar Gradient">
                        <visible>ControlGroup(9100).HasFocus(9102)</visible>
                        <onback>300</onback>
                        <include>Defs_Settings_Button</include>
                        <label>$LOCALIZE[31148]</label>
                        <visible>String.IsEqual(Skin.CurrentTheme,SKINDEFAULT)</visible>
                        <selected>Skin.HasSetting(StatusbarGradient)</selected>
                        <onclick>Skin.ToggleSetting(StatusbarGradient)</onclick>
                    </control>

                    <control type="radiobutton" id="9217" description="Make bottombar transparent">
                        <visible>ControlGroup(9100).HasFocus(9102)</visible>
                        <onback>300</onback>
                        <include>Defs_Settings_Button</include>
                        <label>$LOCALIZE[31076]</label>
                        <selected>Skin.HasSetting(EnableTransparency)</selected>
                        <onclick>Skin.ToggleSetting(EnableTransparency)</onclick>
                    </control>

                    <!-- ================= -->
                    <!-- Video / Music OSD -->
                    <!-- ================= -->
                    <control type="radiobutton" id="9231" description="Show Fanart">
                        <visible>ControlGroup(9100).HasFocus(9103)</visible>
                        <onback>300</onback>
                        <include>Defs_Settings_Button</include>
                        <label>31121</label>
                        <selected>Skin.HasSetting(musicvis.fanartfallback)</selected>
                        <enable>!System.HasAddon(script.artistslideshow) | Skin.HasSetting(ArtistSlideShow.Disabled)</enable>
                        <onclick>Skin.ToggleSetting(musicvis.fanartfallback)</onclick>
                    </control>
                    <control type="radiobutton" id="9232" description="Show slideshow in background">
                        <visible>ControlGroup(9100).HasFocus(9103)</visible>
                        <onback>300</onback>
                        <include>Defs_Settings_Button</include>
                        <label>31118</label>
                        <enable>System.HasAddon(script.artistslideshow)</enable>
                        <selected>!Skin.HasSetting(ArtistSlideShow.Disabled)</selected>
                        <onclick>Skin.ToggleSetting(ArtistSlideShow.Disabled)</onclick>
                    </control>
                    <control type="radiobutton" id="9233" description="Show slideshow in background">
                        <visible>ControlGroup(9100).HasFocus(9103)</visible>
                        <onback>300</onback>
                        <include>Defs_Settings_Button</include>
                        <label>31119</label>
                        <selected>Skin.HasSetting(OSDVisualisation.ShowFanart)</selected>
                        <onclick>Skin.ToggleSetting(OSDVisualisation.ShowFanart)</onclick>
                        <enable>Skin.HasSetting(musicvis.fanartfallback) | [!Skin.HasSetting(ArtistSlideShow.Disabled) + System.HasAddon(script.artistslideshow)]</enable>
                    </control>
                    <control type="radiobutton" id="9236" description="Colour overlay">
                        <visible>ControlGroup(9100).HasFocus(9103)</visible>
                        <onback>300</onback>
                        <include>Defs_Settings_Button</include>
                        <label>$LOCALIZE[31087]</label>
                        <selected>!Skin.HasSetting(HideOSDDiffuseColors)</selected>
                        <onclick>Skin.ToggleSetting(HideOSDDiffuseColors)</onclick>
                    </control>
                    <control type="radiobutton" id="9237" description="Scrolling Text">
                        <visible>ControlGroup(9100).HasFocus(9103)</visible>
                        <onback>300</onback>
                        <include>Defs_Settings_Button</include>
                        <label>$LOCALIZE[31088]</label>
                        <selected>!Skin.HasSetting(HideOSDScrollingText)</selected>
                        <onclick>Skin.ToggleSetting(HideOSDScrollingText)</onclick>
                    </control>
                    <control type="radiobutton" id="9234" description="Animate Artist slideshow">
                        <visible>ControlGroup(9100).HasFocus(9103)</visible>
                        <onback>300</onback>
                        <include>Defs_Settings_Button</include>
                        <label>31120</label>
                        <selected>Skin.HasSetting(ArtistSlideshow.Animate)</selected>
                        <onclick>Skin.ToggleSetting(ArtistSlideshow.Animate)</onclick>
                        <enable>Skin.HasSetting(musicvis.fanartfallback) | [!Skin.HasSetting(ArtistSlideShow.Disabled) + System.HasAddon(script.artistslideshow)]</enable>
                    </control>
                    <control type="radiobutton" id="9239" description="Show detailed info on pause">
                        <visible>ControlGroup(9100).HasFocus(9103)</visible>
                        <onback>300</onback>
                        <include>Defs_Settings_Button</include>
                        <label>$LOCALIZE[31145]</label>
                        <selected>Skin.HasSetting(ShowInfoPaused)</selected>
                        <onclick>Skin.ToggleSetting(ShowInfoPaused)</onclick>
                    </control>
                    <control type="radiobutton" id="9238" description="Media Flags">
                        <visible>ControlGroup(9100).HasFocus(9103)</visible>
                        <onback>300</onback>
                        <include>Defs_Settings_Button</include>
                        <label>$LOCALIZE[31130]</label>
                        <selected>Skin.HasSetting(ShowOSDVideoCodec)</selected>
                        <onclick>Skin.ToggleSetting(ShowOSDVideoCodec)</onclick>
                    </control>
                    <control type="radiobutton" id="9299" description="Auto music vis">
                        <visible>ControlGroup(9100).HasFocus(9103)</visible>
                        <onback>300</onback>
                        <include>Defs_Settings_Button</include>
                        <label>$LOCALIZE[31158]</label>
                        <selected>Skin.HasSetting(AutoMusicVis)</selected>
                        <onclick>Skin.ToggleSetting(AutoMusicVis)</onclick>
                    </control>
                    <control type="radiobutton" id="9235" description="Dont pause on information">
                        <visible>ControlGroup(9100).HasFocus(9103)</visible>
                        <onback>300</onback>
                        <include>Defs_Settings_Button</include>
                        <label>$LOCALIZE[31079]</label>
                        <selected>!Skin.HasSetting(DontPauseOSD)</selected>
                        <onclick>Skin.ToggleSetting(DontPauseOSD)</onclick>
                    </control>
                    <control type="radiobutton" id="9396" description="Hide cache bar">
                        <visible>ControlGroup(9100).HasFocus(9103)</visible>
                        <onback>300</onback>
                        <include>Defs_Settings_Button</include>
                        <label>$LOCALIZE[31159]</label>
                        <selected>!Skin.HasSetting(HideCacheProgress)</selected>
                        <onclick>Skin.ToggleSetting(HideCacheProgress)</onclick>
                    </control>

                    

                    <!-- ======= -->
                    <!-- Artwork -->
                    <!-- ======= -->
                    <control type="button" id="9241">
                        <visible>ControlGroup(9100).HasFocus(9104)</visible>
                        <onback>300</onback>
                        <label>$LOCALIZE[31013]</label>
                        <label2>$INFO[Skin.String(weather.icons.name)]</label2>
                        <include>Defs_Settings_Button</include>
                        <onclick>RunScript(script.image.resource.select,property=weather.icons&amp;type=resource.images.weathericons)</onclick>
                    </control>
                    
                    <!-- <control type="radiobutton" id="9341">
                        <visible>ControlGroup(9100).HasFocus(9104)</visible>
                        <onback>300</onback>
                        <label>Show big poster</label>
                        <selected>!Skin.HasSetting(HideBigPoster)</selected>
                        <include>Defs_Settings_Button</include>
                        <onclick>Skin.ToggleSetting(HideBigPoster)</onclick>
                        <onclick>ReloadSkin()</onclick>
                        <onclick>SetFocus(9104)</onclick>
                        <onclick>AlarmClock(setfo,SetFocus(9341),00:00,silent)</onclick>
                    </control> -->

                    <control type="radiobutton" id="9242">
                        <visible>ControlGroup(9100).HasFocus(9104)</visible>
                        <onback>300</onback>
                        <label>$LOCALIZE[31016]</label>
                        <selected>Skin.HasSetting(MusicVideoConcerts)</selected>
                        <include>Defs_Settings_Button</include>
                        <onclick>Skin.ToggleSetting(MusicVideoConcerts)</onclick>
                    </control>

                    <control type="radiobutton" id="9243">
                        <visible>ControlGroup(9100).HasFocus(9104)</visible>
                        <onback>300</onback>
                        <label>$LOCALIZE[31040]</label>
                        <selected>Skin.HasSetting(TvShowPosters)</selected>
                        <include>Defs_Settings_Button</include>
                        <onclick>Skin.ToggleSetting(TvShowPosters)</onclick>
                    </control>

                    <control type="radiobutton" id="9244">
                        <visible>ControlGroup(9100).HasFocus(9104)</visible>
                        <onback>300</onback>
                        <label>$LOCALIZE[31022]</label>
                        <include>Defs_Settings_Button</include>
                        <selected>Skin.HasSetting(SkinHelper.EnableAnimatedPosters)</selected>
                        <onclick>Skin.ToggleSetting(SkinHelper.EnableAnimatedPosters)</onclick>
                    </control>
                    <control type="radiobutton" id="9245">
                        <visible>ControlGroup(9100).HasFocus(9104)</visible>
                        <onback>300</onback>
                        <label>$LOCALIZE[31026]</label>
                        <include>Defs_Settings_Button</include>
                        <selected>Skin.HasSetting(PreferFanartHome)</selected>
                        <onclick>Skin.ToggleSetting(PreferFanartHome)</onclick>
                    </control>
                    <control type="radiobutton" id="9246">
                        <visible>ControlGroup(9100).HasFocus(9104)</visible>
                        <onback>300</onback>
                        <label>$LOCALIZE[31072]</label>
                        <onclick>Skin.ToggleSetting(HideClearLogo)</onclick>
                        <selected>!Skin.HasSetting(HideClearLogo)</selected>
                        <include>Defs_Settings_Button</include>
                    </control>
                    <control type="radiobutton" id="9247">
                        <visible>ControlGroup(9100).HasFocus(9104)</visible>
                        <onback>300</onback>
                        <label>$LOCALIZE[31073]</label>
                        <onclick>Skin.ToggleSetting(HideDiscArt)</onclick>
                        <selected>!Skin.HasSetting(HideDiscArt)</selected>
                        <include>Defs_Settings_Button</include>
                    </control>
                    <control type="radiobutton" id="9248">
                        <visible>ControlGroup(9100).HasFocus(9104)</visible>
                        <onback>300</onback>
                        <label>$LOCALIZE[31151]</label>
                        <visible>!Skin.HasSetting(TvShowPosters)</visible>
                        <onclick>Skin.ToggleSetting(HideTvShowLabels)</onclick>
                        <selected>Skin.HasSetting(HideTvShowLabels)</selected>
                        <include>Defs_Settings_Button</include>
                    </control>
                    
                    <control type="radiobutton" id="9249">
                        <visible>ControlGroup(9100).HasFocus(9104)</visible>
                        <onback>300</onback>
                        <label>$LOCALIZE[31080]</label>
                        <onclick>Skin.ToggleSetting(ArtworkDownloaderAll)</onclick>
                        <selected>Skin.HasSetting(ArtworkDownloaderAll)</selected>
                        <include>Defs_Settings_Button</include>
                    </control>
                    

                    <!-- ====== -->
                    <!-- Colors -->
                    <!-- ====== -->
                    <control type="button" id="9251" description="Color Highlight">
                        <visible>ControlGroup(9100).HasFocus(9105)</visible>
                        <onback>300</onback>
                        <include>Defs_Settings_Button</include>
                        <label>31286</label>
                        <label2>$INFO[Skin.String(focuscolor.name)]</label2>
                        <onclick condition="!System.HasAddon(script.skin.helper.colorpicker)">InstallAddon(script.skin.helper.colorpicker)</onclick>
                        <onclick>RunScript(script.skin.helper.colorpicker,skinstring=focuscolor.name)</onclick>
                    </control>
                    <control type="radiobutton" id="9252">
                        <visible>ControlGroup(9100).HasFocus(9105)</visible>
                        <onback>300</onback>
                        <label>$LOCALIZE[31015]</label>
                        <selected>Skin.HasSetting(UseColorFlags)</selected>
                        <include>Defs_Settings_Button</include>
                        <onclick>Skin.ToggleSetting(UseColorFlags)</onclick>
                    </control>

                    <!-- ============= -->
                    <!-- Miscellaneous -->
                    <!-- ============= -->
                    <control type="button" id="9271" description="Startup Video">
                        <visible>ControlGroup(9100).HasFocus(9107)</visible>
                        <onback>300</onback>
                        <include>Defs_Settings_Button</include>
                        <label>31168</label>
                        <label2>$INFO[Skin.String(StartupPlaylist)]</label2>
                        <onclick condition="String.IsEmpty(Skin.String(StartupPlaylist))">Skin.SetFile(StartupPlaylist,.mp4|.avi|.mkv|.xvid|.wmv|.mov|.xsp|.mp3|.wma|.flac|.m3u)</onclick>
                        <onclick condition="!String.IsEmpty(Skin.String(StartupPlaylist))">Skin.Reset(StartupPlaylist)</onclick>
                    </control>

                    <control type="radiobutton" id="9272" description="Disable Alphabet Strip">
                        <visible>ControlGroup(9100).HasFocus(9107)</visible>
                        <onback>300</onback>
                        <include>Defs_Settings_Button</include>
                        <label>$LOCALIZE[31025]</label>
                        <selected>Skin.HasSetting(DisableAlphabetStrip)</selected>
                        <onclick>Skin.ToggleSetting(DisableAlphabetStrip)</onclick>
                        <onclick>ReloadSkin()</onclick>
                        <onclick>SetFocus(9107)</onclick>
                        <onclick>AlarmClock(setfo,SetFocus(9272),00:00,silent)</onclick>
                    </control>
                    
                    <control type="radiobutton" id="9273" description="Kiosk Mode">
                        <visible>ControlGroup(9100).HasFocus(9107)</visible>
                        <onback>300</onback>
                        <include>Defs_Settings_Button</include>
                        <label>31199</label>
                        <selected>Skin.HasSetting(global.kioskmode)</selected>
                        <onclick>Skin.ToggleSetting(global.kioskmode)</onclick>
                    </control>

                    <control type="radiobutton" id="9275" description="Hide plot">
                        <visible>ControlGroup(9100).HasFocus(9107)</visible>
                        <onback>300</onback>
                        <include>Defs_Settings_Button</include>
                        <label>$LOCALIZE[31081]</label>
                        <selected>Skin.HasSetting(HidePlot)</selected>
                        <onclick>Skin.ToggleSetting(HidePlot)</onclick>
                    </control>

                    <control type="radiobutton" id="9276" description="Position Context Menu">
                        <visible>ControlGroup(9100).HasFocus(9107)</visible>
                        <onback>300</onback>
                        <include>Defs_Settings_Button</include>
                        <label>$LOCALIZE[31089]</label>
                        <selected>Skin.HasSetting(ContextPosition)</selected>
                        <onclick>Skin.ToggleSetting(ContextPosition)</onclick>
                    </control>

                    <control type="radiobutton" id="9277" description="Use hours and minutes">
                        <visible>ControlGroup(9100).HasFocus(9107)</visible>
                        <onback>300</onback>
                        <include>Defs_Settings_Button</include>
                        <label>$LOCALIZE[31090]</label>
                        <selected>Skin.HasSetting(UseHoursMinutes)</selected>
                        <onclick>Skin.ToggleSetting(UseHoursMinutes)</onclick>
                    </control>

                    <control type="radiobutton" id="9278" description="Enable full fanart mode">
                        <visible>ControlGroup(9100).HasFocus(9107)</visible>
                        <onback>300</onback>
                        <include>Defs_Settings_Button</include>
                        <label>$LOCALIZE[31129]</label>
                        <selected>!Skin.HasSetting(DisableFullFanartMode)</selected>
                        <onclick>Skin.ToggleSetting(DisableFullFanartMode)</onclick>
                    </control>

                    <control type="radiobutton" id="9279" description="Allow fanart movement">
                        <visible>ControlGroup(9100).HasFocus(9107)</visible>
                        <onback>300</onback>
                        <include>Defs_Settings_Button</include>
                        <label>$LOCALIZE[31128]</label>
                        <enable>!Skin.HasSetting(DisableFullFanartMode)</enable>
                        <selected>Skin.HasSetting(AllowFanartMovement) + !Skin.HasSetting(DisableFullFanartMode)</selected>
                        <onclick>Skin.ToggleSetting(AllowFanartMovement)</onclick>
                    </control>

                    <control type="button" id="9274" description="Customise Shutdown Menu">
                        <visible>ControlGroup(9100).HasFocus(9107)</visible>
                        <onback>300</onback>
                        <include>Defs_Settings_Button</include>
                        <label>$LOCALIZE[31027]</label>
                        <onclick>RunScript(script.skinshortcuts,type=manage&amp;group=powermenu)</onclick>
                    </control>

                    <control type="radiobutton" id="9266" description="Minimal busy loader">
                        <visible>ControlGroup(9100).HasFocus(9107)</visible>
                        <onback>300</onback>
                        <include>Defs_Settings_Button</include>
                        <label>$LOCALIZE[31165]</label>
                        <selected>Skin.HasSetting(hide.busydialog)</selected>
                        <onclick>Skin.ToggleSetting(hide.busydialog)</onclick>
                    </control>
                    
                    <!-- Forced Views -->
                    <control type="radiobutton" id="6009">
                        <visible>ControlGroup(9100).HasFocus(9107)</visible>
                        <onback>300</onback>
                        <include>Defs_Settings_Button</include>
	                      <label>Enable forced views</label>
	                      <onclick>Skin.ToggleSetting(SkinHelper.ForcedViews.Enabled)</onclick>
	                      <selected>Skin.HasSetting(SkinHelper.ForcedViews.Enabled)</selected>
                    </control>
    
                    <control type="button" id="6010" description="Movies">
	                      <onclick>RunScript(script.skin.helper.service,action=setforcedview,contenttype=movies)</onclick>
	                      <visible>ControlGroup(9100).HasFocus(9107) + Skin.HasSetting(SkinHelper.ForcedViews.Enabled)</visible>
	                      <onback>300</onback>
                        <include>Defs_Settings_Button</include>
	                      <label>Forced view for movies: $INFO[Skin.String(SkinHelper.ForcedViews.movies)]</label>
                    </control>
                    <control type="button" id="6011" description="TV shows">
                        <onclick>RunScript(script.skin.helper.service,action=setforcedview,contenttype=tvshows)</onclick>
                      	<visible>ControlGroup(9100).HasFocus(9107) + Skin.HasSetting(SkinHelper.ForcedViews.Enabled)</visible>
                      	<onback>300</onback>
                        <include>Defs_Settings_Button</include>
                      	<label>Forced view for tv shows:  $INFO[Skin.String(SkinHelper.ForcedViews.tvshows)]</label>
                    </control>
                    
                    <control type="button" id="6012" description="Seasons">
                      	<onclick>RunScript(script.skin.helper.service,action=setforcedview,contenttype=seasons)</onclick>
                      	<visible>ControlGroup(9100).HasFocus(9107) + Skin.HasSetting(SkinHelper.ForcedViews.Enabled)</visible>
                      	<onback>300</onback>
                        <include>Defs_Settings_Button</include>
                      	<label>Forced view for seasons:  $INFO[Skin.String(SkinHelper.ForcedViews.seasons)]</label>
                    </control>
                    
                    <control type="button" id="6013" description="Episodes">
                      	<onclick>RunScript(script.skin.helper.service,action=setforcedview,contenttype=episodes)</onclick>
                      	<visible>ControlGroup(9100).HasFocus(9107) + Skin.HasSetting(SkinHelper.ForcedViews.Enabled)</visible>
                      	<onback>300</onback>
                        <include>Defs_Settings_Button</include>
                      	<label>Forced view for episodes: $INFO[Skin.String(SkinHelper.ForcedViews.episodes)]</label>
                    </control>
                    
                    <control type="button" id="6014" description="Movie Sets">
                      	<onclick>RunScript(script.skin.helper.service,action=setforcedview,contenttype=sets)</onclick>
                      	<visible>ControlGroup(9100).HasFocus(9107) + Skin.HasSetting(SkinHelper.ForcedViews.Enabled)</visible>
                      	<onback>300</onback>
                        <include>Defs_Settings_Button</include>
                      	<label>Forced view for movie sets: $INFO[Skin.String(SkinHelper.ForcedViews.sets)]</label>
                    </control>
                    
                    <control type="button" id="6015" description="Movies inside Sets">
                      	<onclick>RunScript(script.skin.helper.service,action=setforcedview,contenttype=setmovies)</onclick>
                      	<visible>ControlGroup(9100).HasFocus(9107) + Skin.HasSetting(SkinHelper.ForcedViews.Enabled)</visible>
                      	<onback>300</onback>
                        <include>Defs_Settings_Button</include>
                      	<label>Forced view for movies inside set: $INFO[Skin.String(SkinHelper.ForcedViews.setmovies)]</label>
                    </control>
                    
                    <control type="button" id="6016" description="Add-ons">
                      	<onclick>RunScript(script.skin.helper.service,action=setforcedview,contenttype=addons)</onclick>
                      	<visible>ControlGroup(9100).HasFocus(9107) + Skin.HasSetting(SkinHelper.ForcedViews.Enabled)</visible>
                      	<onback>300</onback>
                        <include>Defs_Settings_Button</include>
                      	<label>Forced view for general add-on menus: $INFO[Skin.String(SkinHelper.ForcedViews.addons)]</label>
                    </control>

                    <!-- ============ -->
                    <!-- Dependencies -->
                    <!-- ============ -->
                    <control type="radiobutton" id="9281">
                        <visible>ControlGroup(9100).HasFocus(9108)</visible>
                        <onback>300</onback>
                        <label>script.skin.helper.service</label>
                        <label2>$INFO[System.AddonVersion(script.skin.helper.service)]        </label2>
                        <onclick condition="!System.HasAddon(script.skin.helper.service)">InstallAddon(script.skin.helper.service)</onclick>
                        <onclick condition="System.HasAddon(script.skin.helper.service)">Addon.OpenSettings(script.skin.helper.service)</onclick>
                        <selected>System.HasAddon(script.skin.helper.service)</selected>
                        <include>Defs_Settings_Button</include>
                    </control>
                    <control type="radiobutton" id="9282">
                        <visible>ControlGroup(9100).HasFocus(9108)</visible>
                        <onback>300</onback>
                        <label>script.skin.helper.widgets</label>
                        <label2>$INFO[System.AddonVersion(script.skin.helper.widgets)]        </label2>
                        <onclick condition="!System.HasAddon(script.skin.helper.widgets)">InstallAddon(script.skin.helper.widgets)</onclick>
                        <onclick condition="System.HasAddon(script.skin.helper.widgets)">Addon.OpenSettings(script.skin.helper.widgets)</onclick>
                        <selected>System.HasAddon(script.skin.helper.widgets)</selected>
                        <include>Defs_Settings_Button</include>
                    </control>
                    <control type="radiobutton" id="9283">
                        <visible>ControlGroup(9100).HasFocus(9108)</visible>
                        <onback>300</onback>
                        <label>script.skin.helper.colorpicker</label>
                        <label2>$INFO[System.AddonVersion(script.skin.helper.colorpicker)]        </label2>
                        <onclick condition="!System.HasAddon(script.skin.helper.colorpicker)">InstallAddon(script.skin.helper.colorpicker)</onclick>
                        <onclick condition="System.HasAddon(script.skin.helper.colorpicker)">Addon.OpenSettings(script.skin.helper.colorpicker)</onclick>
                        <selected>System.HasAddon(script.skin.helper.colorpicker)</selected>
                        <include>Defs_Settings_Button</include>
                    </control>
                    <control type="radiobutton" id="9284">
                        <visible>ControlGroup(9100).HasFocus(9108)</visible>
                        <onback>300</onback>
                        <label>script.skin.helper.backgrounds</label>
                        <label2>$INFO[System.AddonVersion(script.skin.helper.backgrounds)]        </label2>
                        <onclick condition="!System.HasAddon(script.skin.helper.backgrounds)">InstallAddon(script.skin.helper.backgrounds)</onclick>
                        <onclick condition="System.HasAddon(script.skin.helper.backgrounds)">Addon.OpenSettings(script.skin.helper.backgrounds)</onclick>
                        <selected>System.HasAddon(script.skin.helper.backgrounds)</selected>
                        <include>Defs_Settings_Button</include>
                    </control>
                    <control type="radiobutton" id="9297">
                        <visible>ControlGroup(9100).HasFocus(9108)</visible>
                        <onback>300</onback>
                        <label>script.skin.helper.skinbackup</label>
                        <label2>$INFO[System.AddonVersion(script.skin.helper.skinbackup)]        </label2>
                        <onclick condition="!System.HasAddon(script.skin.helper.skinbackup)">InstallAddon(script.skin.helper.skinbackup)</onclick>
                        <onclick condition="System.HasAddon(script.skin.helper.skinbackup)">Addon.OpenSettings(script.skin.helper.skinbackup)</onclick>
                        <selected>System.HasAddon(script.skin.helper.skinbackup)</selected>
                        <include>Defs_Settings_Button</include>
                    </control>
                    <control type="radiobutton" id="9298">
                        <visible>ControlGroup(9100).HasFocus(9108)</visible>
                        <onback>300</onback>
                        <label>script.toolbox</label>
                        <label2>$INFO[System.AddonVersion(script.toolbox)]        </label2>
                        <onclick condition="!System.HasAddon(script.toolbox)">InstallAddon(script.toolbox)</onclick>
                        <onclick condition="System.HasAddon(script.toolbox)">Addon.OpenSettings(script.toolbox)</onclick>
                        <selected>System.HasAddon(script.toolbox)</selected>
                        <include>Defs_Settings_Button</include>
                    </control>
                    <control type="radiobutton" id="9285">
                        <visible>ControlGroup(9100).HasFocus(9108)</visible>
                        <onback>300</onback>
                        <label>script.extendedinfo</label>
                        <label2>$INFO[System.AddonVersion(script.extendedinfo)]        </label2>
                        <onclick condition="!System.HasAddon(script.extendedinfo)">InstallAddon(script.extendedinfo)</onclick>
                        <onclick condition="System.HasAddon(script.extendedinfo)">Addon.OpenSettings(script.extendedinfo)</onclick>
                        <selected>System.HasAddon(script.extendedinfo)</selected>
                        <include>Defs_Settings_Button</include>
                    </control>
                    <control type="radiobutton" id="9286">
                        <visible>ControlGroup(9100).HasFocus(9108)</visible>
                        <onback>300</onback>
                        <label>script.skinshortcuts</label>
                        <label2>$INFO[System.AddonVersion(script.skinshortcuts)]        </label2>
                        <onclick condition="!System.HasAddon(script.skinshortcuts)">InstallAddon(script.skinshortcuts)</onclick>
                        <onclick condition="System.HasAddon(script.skinshortcuts)">Addon.OpenSettings(script.skinshortcuts)</onclick>
                        <selected>System.HasAddon(script.skinshortcuts)</selected>
                        <include>Defs_Settings_Button</include>
                    </control>
                    <control type="radiobutton" id="9293">
                        <visible>ControlGroup(9100).HasFocus(9108)</visible>
                        <onback>300</onback>
                        <label>script.artwork.downloader</label>
                        <label2>$INFO[System.AddonVersion(script.artwork.downloader)]        </label2>
                        <onclick condition="!System.HasAddon(script.artwork.downloader)">InstallAddon(script.artwork.downloader)</onclick>
                        <onclick condition="System.HasAddon(script.artwork.downloader)">Addon.OpenSettings(script.artwork.downloader)</onclick>
                        <selected>System.HasAddon(script.artwork.downloader)</selected>
                        <include>Defs_Settings_Button</include>
                    </control>
                    <control type="radiobutton" id="9294">
                        <visible>ControlGroup(9100).HasFocus(9108)</visible>
                        <onback>300</onback>
                        <label>script.cu.lrclyrics</label>
                        <label2>$INFO[System.AddonVersion(script.cu.lrclyrics)]        </label2>
                        <onclick condition="!System.HasAddon(script.cu.lrclyrics)">InstallAddon(script.cu.lrclyrics)</onclick>
                        <onclick condition="System.HasAddon(script.cu.lrclyrics)">Addon.OpenSettings(script.cu.lrclyrics)</onclick>
                        <selected>System.HasAddon(script.cu.lrclyrics)</selected>
                        <include>Defs_Settings_Button</include>
                    </control>
                    <control type="radiobutton" id="9295">
                        <visible>ControlGroup(9100).HasFocus(9108)</visible>
                        <onback>300</onback>
                        <label>script.artistslideshow</label>
                        <label2>$INFO[System.AddonVersion(script.artistslideshow)]        </label2>
                        <onclick condition="!System.HasAddon(script.artistslideshow)">InstallAddon(script.artistslideshow)</onclick>
                        <onclick condition="System.HasAddon(script.artistslideshow)">Addon.OpenSettings(script.artistslideshow)</onclick>
                        <selected>System.HasAddon(script.artistslideshow)</selected>
                        <include>Defs_Settings_Button</include>
                    </control>
                    <control type="radiobutton" id="9292">
                        <visible>ControlGroup(9100).HasFocus(9108)</visible>
                        <onback>300</onback>
                        <label>script.globalsearch</label>
                        <label2>$INFO[System.AddonVersion(script.globalsearch)]        </label2>
                        <onclick condition="!System.HasAddon(script.globalsearch)">InstallAddon(script.globalsearch)</onclick>
                        <onclick condition="System.HasAddon(script.globalsearch)">Addon.OpenSettings(script.globalsearch)</onclick>
                        <selected>System.HasAddon(script.globalsearch)</selected>
                        <include>Defs_Settings_Button</include>
                    </control>
                    <control type="radiobutton" id="9296">
                        <visible>ControlGroup(9100).HasFocus(9108)</visible>
                        <onback>300</onback>
                        <label>script.tv.show.next.aired</label>
                        <label2>$INFO[System.AddonVersion(script.tv.show.next.aired)]        </label2>
                        <onclick condition="!System.HasAddon(script.tv.show.next.aired)">InstallAddon(script.tv.show.next.aired)</onclick>
                        <onclick condition="System.HasAddon(script.tv.show.next.aired)">Addon.OpenSettings(script.tv.show.next.aired)</onclick>
                        <selected>System.HasAddon(script.tv.show.next.aired)</selected>
                        <include>Defs_Settings_Button</include>
                    </control>
                    <control type="radiobutton" id="9288">
                        <visible>ControlGroup(9100).HasFocus(9108)</visible>
                        <onback>300</onback>
                        <label>plugin.program.autocompletion</label>
                        <label2>$INFO[System.AddonVersion(plugin.program.autocompletion)]        </label2>
                        <onclick condition="!System.HasAddon(plugin.program.autocompletion)">InstallAddon(plugin.program.autocompletion)</onclick>
                        <onclick condition="System.HasAddon(plugin.program.autocompletion)">Addon.OpenSettings(plugin.program.autocompletion)</onclick>
                        <selected>System.HasAddon(plugin.program.autocompletion)</selected>
                        <include>Defs_Settings_Button</include>
                    </control>
                    <control type="radiobutton" id="9289">
                        <visible>ControlGroup(9100).HasFocus(9108)</visible>
                        <onback>300</onback>
                        <label>resource.images.studios.white</label>
                        <label2>$INFO[System.AddonVersion(resource.images.studios.white)]        </label2>
                        <onclick condition="!System.HasAddon(resource.images.studios.white)">InstallAddon(resource.images.studios.white)</onclick>
                        <onclick condition="System.HasAddon(resource.images.studios.white)">Addon.OpenSettings(resource.images.studios.white)</onclick>
                        <selected>System.HasAddon(resource.images.studios.white)</selected>
                        <include>Defs_Settings_Button</include>
                    </control>
                    <control type="radiobutton" id="9290">
                        <visible>ControlGroup(9100).HasFocus(9108)</visible>
                        <onback>300</onback>
                        <label>resource.images.moviegenreicons.transparent</label>
                        <label2>$INFO[System.AddonVersion(resource.images.moviegenreicons.transparent)]        </label2>
                        <onclick condition="!System.HasAddon(resource.images.moviegenreicons.transparent)">InstallAddon(resource.images.moviegenreicons.transparent)</onclick>
                        <onclick condition="System.HasAddon(resource.images.moviegenreicons.transparent)">Addon.OpenSettings(resource.images.moviegenreicons.transparent)</onclick>
                        <selected>System.HasAddon(resource.images.moviegenreicons.transparent)</selected>
                        <include>Defs_Settings_Button</include>
                    </control>
                    <control type="radiobutton" id="9291">
                        <visible>ControlGroup(9100).HasFocus(9108)</visible>
                        <onback>300</onback>
                        <label>resource.images.weatherfanart.multi</label>
                        <label2>$INFO[System.AddonVersion(resource.images.weatherfanart.multi)]        </label2>
                        <onclick condition="!System.HasAddon(resource.images.weatherfanart.multi)">InstallAddon(resource.images.weatherfanart.multi)</onclick>
                        <onclick condition="System.HasAddon(resource.images.weatherfanart.multi)">Addon.OpenSettings(resource.images.weatherfanart.multi)</onclick>
                        <selected>System.HasAddon(resource.images.weatherfanart.multi)</selected>
                        <include>Defs_Settings_Button</include>
                    </control>

                    <!-- ================ -->
                    <!-- Backup / Restore -->
                    <!-- ================ -->
                    <control type="button" id="9261" description="Backup">
                        <visible>ControlGroup(9100).HasFocus(9106)</visible>
                        <onback>300</onback>
                        <include>Defs_Settings_Button</include>
                        <label>$LOCALIZE[31031]</label>
                        <onclick>RunScript(script.skin.helper.service,action=backup)</onclick>
                    </control>
                    <control type="button" id="9262" description="Restore">
                        <visible>ControlGroup(9100).HasFocus(9106)</visible>
                        <onback>300</onback>
                        <include>Defs_Settings_Button</include>
                        <label>$LOCALIZE[31032]</label>
                        <onclick>RunScript(script.skin.helper.service,action=restore)</onclick>
                    </control>
                    <control type="button" id="9263" description="Backup Restore Settings">
                        <visible>ControlGroup(9100).HasFocus(9106)</visible>
                        <onback>300</onback>
                        <include>Defs_Settings_Button</include>
                        <label>$LOCALIZE[31034]</label>
                        <onclick condition="!System.HasAddon(script.skin.helper.skinbackup)">InstallAddon(script.skin.helper.skinbackup)</onclick>
                        <onclick condition="System.HasAddon(script.skin.helper.skinbackup)">Addon.OpenSettings(script.skin.helper.skinbackup)</onclick>
                    </control>
                    <control type="button" id="9264" description="Reset">
                        <visible>ControlGroup(9100).HasFocus(9106)</visible>
                        <onback>300</onback>
                        <include>Defs_Settings_Button</include>
                        <label>$LOCALIZE[31028]</label>
                        <onclick>Skin.ResetSettings</onclick>
                        <onclick>RunScript(script.skinshortcuts,type=resetall)</onclick>
                    </control>
                </control>



                <!-- Lines -->
                <control type="image">
                    <top>10</top>
                    <left>450</left>
                    <width>1</width>
                    <bottom>10</bottom>
                    <colordiffuse>dialog_fg_12</colordiffuse>
                    <texture>common/white.png</texture>
                </control>

                <control type="image">
                    <visible>Container(9200).HasPrevious</visible>
                    <centerright>735</centerright>
                    <centertop>45</centertop>
                    <width>16</width>
                    <height>16</height>
                    <texture flipy="true" colordiffuse="panel_fg_70">common/arrow-small.png</texture>
                </control>
                <control type="image">
                    <visible>Container(9200).HasNext</visible>
                    <centerright>735</centerright>
                    <centerbottom>45</centerbottom>
                    <width>16</width>
                    <height>16</height>
                    <texture colordiffuse="panel_fg_70">common/arrow-small.png</texture>
                </control>

                <!-- Header -->
                <control type="label">
                    <left>50</left>
                    <width>390</width>
                    <top>15</top>
                    <font>MediumBold</font>
                    <label>5</label>
                    <height>70</height>
                    <textcolor>panel_fg_100</textcolor>
                </control>
                <control type="label">
                    <left>50</left>
                    <right>30</right>
                    <top>77</top>
                    <height>30</height>
                    <font>Tiny</font>
                    <textcolor>panel_fg_70</textcolor>
                    <scroll>true</scroll>
                    <align>left</align>
                    <textoffsetx>0</textoffsetx>
                    <label>$INFO[System.ProfileName]</label>
                </control>
                <control type="label">
                    <left>500</left>
                    <width>390</width>
                    <top>15</top>
                    <height>70</height>
                    <font>MediumBold</font>
                    <label>$VAR[Label_Settings_Header]</label>
                    <textcolor>panel_fg_100</textcolor>
                </control>
                <control type="label">
                    <left>500</left>
                    <right>30</right>
                    <top>77</top>
                    <height>30</height>
                    <font>Tiny</font>
                    <textcolor>panel_fg_70</textcolor>
                    <scroll>true</scroll>
                    <label fallback="19055">$VAR[Label_SkinSettings_Info]</label>
                </control>
            </control>
        </control>
        <!-- Standard Furniture -->
        <include>Topbar</include>
        <include>Bottombar</include>
        <include>Statusbar</include>
    </controls>
</window>
