<?xml version="1.0" encoding="utf-8"?>
<window>
	<defaultcontrol always="true">5000</defaultcontrol>
	<controls>

	<!-- Background -->
		<include>background_Global</include>

	<!-- Chrome -->
		<control type="group">
			<include>transition_Chrome</include>
			<include content="global_WindowChrome">
				<param name="Title">$VAR[window:Title.Info]</param>
			</include>
		</control>

		<control type="group">
			<top>108</top>
			<include>transition_Content</include>

			<!-- Content -->
			<control type="grouplist">
				<left>604</left>
				<itemgap>0</itemgap>
				<orientation>vertical</orientation>
				<visible>!Control.IsVisible(50)</visible>

				<!-- Tagline -->
				<control type="label">
					<width>1188</width>
					<height>90</height>
					<label>$VAR[information:Heading]</label>
					<aligny>center</aligny>
					<font>Regular-20</font>
					<textcolor>$VAR[color:Accent]</textcolor>
				</control>

				<!-- Info columns -->
				<control type="group">
					<width>1188</width>
					<height>384</height>
					
					<!-- Left info column-->
					<control type="grouplist">
						<width>570</width>
						<height>360</height>
						<orientation>vertical</orientation>
						<itemgap>0</itemgap>
						<include content="information_Block">
							<param name="Label">$VAR[information:L1.Label]</param>
							<param name="InfoLabel">$VAR[information:L1]</param>
						</include>
						<include content="information_Block">
							<param name="Label">$VAR[information:L2.Label]</param>
							<param name="InfoLabel">$VAR[information:L2]</param>
						</include>
						<include content="information_Block">
							<param name="Label">$VAR[information:L3.Label]</param>
							<param name="InfoLabel">$VAR[information:L3]</param>
						</include>
						<include content="information_Block">
							<param name="Label">$VAR[information:L4.Label]</param>
							<param name="InfoLabel">$VAR[information:L4]</param>
						</include>
					</control>
					
					<!-- Right info column -->
					<control type="grouplist">
						<left>594</left>
						<width>570</width>
						<height>360</height>
						<orientation>vertical</orientation>
						<itemgap>0</itemgap>
						<include content="information_Block">
							<param name="Label">$VAR[information:R1.Label]</param>
							<param name="InfoLabel">$VAR[information:R1]</param>
						</include>
						<include content="information_Block">
							<param name="Label">$VAR[information:R2.Label]</param>
							<param name="InfoLabel">$VAR[information:R2]</param>
						</include>
						<include content="information_Block">
							<param name="Label">$VAR[information:R3.Label]</param>
							<param name="InfoLabel">$VAR[information:R3]</param>
						</include>
						<include content="information_Block">
							<param name="Label">$VAR[information:R4.Label]</param>
							<param name="InfoLabel">$VAR[information:R4]</param>
						</include>
					</control>
				</control>

				<!-- Plot -->
				<control type="textbox">
					<align>left</align>
					<width>1188</width>
					<height>295</height>
					<label>$INFO[ListItem.Plot]</label>
					<font>Slab-24</font>
					<textcolor>$VAR[color:Accent]</textcolor>
					<visible>String.IsEqual(ListItem.DBType,movie) | String.IsEqual(ListItem.DBType,tvshow)</visible>
				</control>
				<control type="textbox">
					<align>left</align>
					<width>1188</width>
					<height>295</height>
					<label>$INFO[ListItem.Genre,, - ]$INFO[ListItem.Plot]</label>
					<font>Slab-24</font>
					<textcolor>$VAR[color:Accent]</textcolor>
					<visible>!String.IsEqual(ListItem.DBType,movie) + !String.IsEqual(ListItem.DBType,tvshow)</visible>
				</control>
			</control>

			<!-- Path -->
			<control type="label">
				<left>128</left>
				<bottom>0</bottom>
				<height>72</height>
				<width>1664</width>
				<label>$INFO[ListItem.FileNameAndPath]</label>
				<font>Regular-18</font>
				<align>center</align>
				<aligny>center</aligny>
				<scroll>true</scroll>
				<textcolor>$VAR[color:Text.3]</textcolor>
			</control>

			<!-- Functions -->	
			<control type="group">
				<left>0</left>
				<bottom>72</bottom>
				<height>90</height>
				<width>1920</width>
				<control type="image">
					<width>1920</width>
					<height>90</height>
					<texture colordiffuse="ff000000">colorize/25.png</texture>
					<aspectratio>stretch</aspectratio>
				</control>
				<control type="grouplist" id="5000">
					<left>128</left>
					<width>1664</width>
					<height>90</height>
					<itemgap>0</itemgap>
					<onup condition="Control.IsVisible(50)">50</onup>
					<onup condition="!Control.IsVisible(50) + Skin.HasSetting(plot.window)">RunScript(script.skin.helper.service,action=textviewer,header=$INFO[ListItem.Title],message=$INFO[ListItem.Genre][CR][CR]$ESCINFO[ListItem.Plot][CR][CR]$VAR[info:Extended])</onup>
					<orientation>horizontal</orientation>
					<align>center</align>
					<!--play / browse-->
					<control type="togglebutton" id="8">
						<width min="256">auto</width>
						<font>Black-20</font>
						<align>center</align>
						<label>$LOCALIZE[208]</label>
						<altlabel>$LOCALIZE[1024]</altlabel>
						<onclick>Dialog.Close(MovieInformation)</onclick>
						<usealttexture>String.IsEqual(ListItem.DBTYPE,tvshow)</usealttexture>
						<texturenofocus></texturenofocus>
						<alttexturenofocus></alttexturenofocus>
					</control>
					<!--cast / plot-->
					<control type="button" id="5">
						<width min="256">auto</width>
						<font>Black-20</font>
						<align>center</align>
						<label>$LOCALIZE[206]</label>
						<texturenofocus></texturenofocus>
					</control>
					<!--gallery-->
					<control type="button" id="44">
						<width min="256">auto</width>
						<font>Black-20</font>
						<align>center</align>
						<label>$LOCALIZE[1]</label>
						<onclick condition="!Integer.IsGreater(Container(9999).NumItems,0)">RunScript(script.skin.helper.service,action=dialogyesno,header=$LOCALIZE[416],message=$LOCALIZE[31217],yesaction=SetFocus(90),noaction=Close)</onclick>
						<onclick>SetFocus(9999)</onclick>
						<texturenofocus></texturenofocus>
						<visible>!Window.IsVisible(Home) + [String.IsEqual(ListItem.DBTYPE,movie) | String.IsEqual(ListItem.DBTYPE,tvshow) | String.IsEqual(ListItem.DBTYPE,episode)]</visible>
					</control>
					<!--manage-->
					<control type="button" id="5005">
						<width min="256">auto</width>
						<font>Black-20</font>
						<align>center</align>
						<label>$LOCALIZE[16106]</label>
						<onclick>ActivateWindow(1101)</onclick>
						<texturenofocus></texturenofocus>
						<visible>!String.Contains(ListItem.FolderPath,plugin://) + !Window.IsVisible(Home)</visible>
					</control>
				</control>				
			</control>

			<!-- Artwork -->
			<control type="group">
				<visible>!Control.IsVisible(50)</visible>
				<control type="image">
					<width>540</width>
					<height>810</height>
					<texture background="true">$VAR[art:Portrait]</texture>
					<aspectratio align="left">scale</aspectratio>
				</control>
			</control>

			<!-- Cast list -->
			<control type="group">
				<visible>Control.IsVisible(50)</visible>
				<include>fadeinout</include>
				<include content="view_Slide">
					<param name="Art" value="$INFO[ListItem.Icon]"/>
					<param name="ArtHeight" value="810"/>
					<param name="ArtWidth" value="597"/>
					<param name="Height" value="810"/>
					<param name="ID" value="50"/>
					<param name="ItemHeight" value="810"/>
					<param name="ItemWidth" value="597"/>
					<param name="Left" value="-128"/>
					<param name="OnBack" value="5000"/>
					<param name="OnDown" value="5000"/>
					<param name="ShowInfo" value="false"/>
					<param name="ShowOverlay" value="true"/>
					<param name="TextWidth" value="536"/>
					<param name="Top" value="0"/>
					<param name="Type" value="list"/>
					<param name="Visible" value="true"/>
					<param name="Width" value="2048"/>
				</include>
			</control>
		</control>

		<!-- Gallery -->
		<control type="group" id="9998">
			<control type="list" id="9999">
				<width>screen_Width</width>
				<height>screen_Height</height>
				<orientation>horizontal</orientation>
				<onback>44</onback>
				<preloaditems>2</preloaditems>
				<include>fadeinout</include>
				<include>global_Scrolltime</include>
				<visible allowhiddenfocus="true">Control.HasFocus(9999)</visible>
				<itemlayout width="screen_Width" height="screen_Height">
					<control type="image">
						<width>screen_Width</width>
						<height>screen_Height</height>
						<texture>$INFO[ListItem.FileNameAndPath]</texture>
						<aspectratio align="center" aligny="center">keep</aspectratio>
					</control>
				</itemlayout>
				<focusedlayout width="screen_Width" height="screen_Height">
					<control type="image">
						<width>screen_Width</width>
						<height>screen_Height</height>
						<texture>$INFO[ListItem.FileNameAndPath]</texture>
						<aspectratio align="center" aligny="center">keep</aspectratio>
					</control>
				</focusedlayout>
				<content>$VAR[art:ExtraFanart]</content>
			</control>
			<control type="group">
				<include>fadeinout</include>
				<visible>Control.HasFocus(9999)</visible>
				<control type="image">
					<left>5%</left>
					<bottom>10%</bottom>
					<width>25%</width>
					<height>25%</height>
					<texture>$INFO[Window(Home).Property(SkinHelper.ListItem.Art.ClearLogo)]</texture>
					<aspectratio align="left" aligny="bottom">keep</aspectratio>
				</control>
			</control>
			<control type="label">
				<bottom>40</bottom>
				<right>40</right>
				<width max="100">auto</width>
				<height>25</height>
				<align>right</align>
				<font>Black-22</font>
				<label>$INFO[Container(9999).CurrentItem]$INFO[Container(9999).NumItems, / ]</label>
				<textcolor>$VAR[color:Accent]</textcolor>
				<visible>Control.HasFocus(9999)</visible>
				<include>fadeinout</include>
			</control>
		</control>
	</controls>
</window>